<?xml version="1.0" encoding="UTF-8"?>
<!DOCTYPE configuration
PUBLIC "-//mybatis.org//DTD Config 3.0//EN"
"http://mybatis.org/dtd/mybatis-3-config.dtd">
<configuration>

	<properties resource="jdbc.properties">
	</properties>
	
	<!-- 全局配置参数 -->
<!-- 	<settings>
		延迟加载总开关
		<setting name="lazyLoadingEnabled" value="true" />	
		设置按需加载
		<setting name="aggressiveLazyLoading" value="false" />
		配置二级缓存
		<setting name="cacheEnabled" value="true" />
	</settings> -->
	<settings>
        <setting name="cacheEnabled" value="true" />
        <!-- 打印sql日志 -->
        <setting name="logImpl" value="STDOUT_LOGGING" />
    </settings>
	<typeAliases>
		<package name="com.model"/>
	</typeAliases>

	<environments default="development">
		<environment id="development">
			<transactionManager type="JDBC" />
			<dataSource type="POOLED">
				<property name="driver" value="${jdbc.driver}"/>
				<property name="url" value="${jdbc.url}"/>
				<property name="username" value="${jdbc.username}"/>
				<property name="password" value="${jdbc.password}"/>
			</dataSource>
		</environment>
	</environments>
	<mappers>
<!-- 		<mapper resource="sqlMap/Dept.xml"/> -->
		<package name="com.mapper"/>
	</mappers>
	
</configuration>