<?xml version="1.0" encoding="UTF-8"?>

<!DOCTYPE mapper PUBLIC "-//mybatis.org//DTD Mapper 3.0//EN" "http://mybatis.org/dtd/mybatis-3-mapper.dtd">

<mapper namespace="com.mapper.GonggaoMapper">
  <resultMap id="BaseResultMap" type="com.model.Gonggao">
    <!--
      WARNING - @mbggenerated
      This element is automatically generated by MyBatis Generator, do not modify.
    -->
    <id column="gonggaoId" jdbcType="INTEGER" property="gonggaoId" />
    <result column="gonggaoName" jdbcType="VARCHAR" property="gonggaoName" />
    <result column="gonggaoMark" jdbcType="VARCHAR" property="gonggaoMark" />
    <result column="gonggaoImg" jdbcType="VARCHAR" property="gonggaoImg" />
    <result column="gonggaoImgName" jdbcType="VARCHAR" property="gonggaoImgName" />
    <result column="gonggaoDate" jdbcType="TIMESTAMP" property="gonggaoDate" />
    <result column="ggtypeId" jdbcType="INTEGER" property="ggtypeId" />
    <result column="ggtypeName" jdbcType="VARCHAR" property="ggtypeName" />
  </resultMap>
  <delete id="deleteByPrimaryKey" parameterType="java.lang.Integer">
    <!--
      WARNING - @mbggenerated
      This element is automatically generated by MyBatis Generator, do not modify.
    -->
    delete from t_gonggao
    where gonggaoId = #{gonggaoId,jdbcType=INTEGER}
  </delete>
  <insert id="insert" parameterType="com.model.Gonggao">
    <!--
      WARNING - @mbggenerated
      This element is automatically generated by MyBatis Generator, do not modify.
    -->
    insert into t_gonggao (gonggaoId, gonggaoName, gonggaoMark, 
      gonggaoImg, gonggaoImgName, gonggaoDate, 
      ggtypeId, ggtypeName)
    values (#{gonggaoId,jdbcType=INTEGER}, #{gonggaoName,jdbcType=VARCHAR}, #{gonggaoMark,jdbcType=VARCHAR}, 
      #{gonggaoImg,jdbcType=VARCHAR}, #{gonggaoImgName,jdbcType=VARCHAR}, #{gonggaoDate,jdbcType=TIMESTAMP}, 
      #{ggtypeId,jdbcType=INTEGER}, #{ggtypeName,jdbcType=VARCHAR})
  </insert>
  <update id="updateByPrimaryKey" parameterType="com.model.Gonggao">
    <!--
      WARNING - @mbggenerated
      This element is automatically generated by MyBatis Generator, do not modify.
    -->
    update t_gonggao
    set gonggaoName = #{gonggaoName,jdbcType=VARCHAR},
      gonggaoMark = #{gonggaoMark,jdbcType=VARCHAR},
      gonggaoImg = #{gonggaoImg,jdbcType=VARCHAR},
      gonggaoImgName = #{gonggaoImgName,jdbcType=VARCHAR},
      gonggaoDate = #{gonggaoDate,jdbcType=TIMESTAMP},
      ggtypeId = #{ggtypeId,jdbcType=INTEGER},
      ggtypeName = #{ggtypeName,jdbcType=VARCHAR}
    where gonggaoId = #{gonggaoId,jdbcType=INTEGER}
  </update>
  <select id="selectByPrimaryKey" parameterType="java.lang.Integer" resultMap="BaseResultMap">
    <!--
      WARNING - @mbggenerated
      This element is automatically generated by MyBatis Generator, do not modify.
    -->
    select gonggaoId, gonggaoName, gonggaoMark, gonggaoImg, gonggaoImgName, gonggaoDate, 
    ggtypeId, ggtypeName
    from t_gonggao
    where gonggaoId = #{gonggaoId,jdbcType=INTEGER}
  </select>
	<select id="selectAll" resultMap="BaseResultMap">
		<!-- WARNING - @mbggenerated This element is automatically generated by 
			MyBatis Generator, do not modify. -->
		select * from t_gonggao
		WHERE 1=1
		<if test="sdate!=null and sdate!=''">
			 AND gonggaoDate &gt;= #{sdate,jdbcType=TIMESTAMP} 
		</if>
		<if test="sdate!=null and sdate!=''">
			 AND gonggaoDate &lt;= #{edate,jdbcType=TIMESTAMP} 
		</if>
		<if test="gonggao!=null">
			<if test="gonggao.gonggaoName!=null and gonggao.gonggaoName!=''">
				 AND gonggaoName LIKE  '%${gonggao.gonggaoName}%' 
			</if>
			<if test="gonggao.gonggaoId!=null">
				 AND gonggaoId = #{gonggao.gonggaoId} 
			</if>
			<if test="gonggao.ggtypeId!=null">
				 AND ggtypeId = #{gonggao.ggtypeId} 
			</if>
		</if>
		order by gonggaoId 
		<if test="rows!=0">
			limit #{page},#{rows}
		</if>
	</select>
</mapper>