<?xml version="1.0" encoding="UTF-8"?>
<!DOCTYPE mapper PUBLIC "-//mybatis.org//DTD Mapper 3.0//EN" "http://mybatis.org/dtd/mybatis-3-mapper.dtd">
<mapper namespace="com.mapper.RizhiMapper">
  <resultMap id="BaseResultMap" type="com.model.Rizhi">
    <!--
      WARNING - @mbggenerated
      This element is automatically generated by MyBatis Generator, do not modify.
    -->
    <id column="rizhiId" jdbcType="INTEGER" property="rizhiId" />
    <result column="rizhiName" jdbcType="VARCHAR" property="rizhiName" />
    <result column="dengluIp" jdbcType="VARCHAR" property="dengluIp" />
    <result column="date" jdbcType="TIMESTAMP" property="date" />
  </resultMap>
  <delete id="deleteByPrimaryKey" parameterType="java.lang.Integer">
    <!--
      WARNING - @mbggenerated
      This element is automatically generated by MyBatis Generator, do not modify.
    -->
    delete from t_rizhi
    where rizhiId = #{rizhiId,jdbcType=INTEGER}
  </delete>
  <insert id="insert" parameterType="com.model.Rizhi">
    <!--
      WARNING - @mbggenerated
      This element is automatically generated by MyBatis Generator, do not modify.
    -->
    insert into t_rizhi (rizhiId, rizhiName, dengluIp, 
      date)
    values (#{rizhiId,jdbcType=INTEGER}, #{rizhiName,jdbcType=VARCHAR}, #{dengluIp,jdbcType=VARCHAR}, 
      #{date,jdbcType=TIMESTAMP})
  </insert>
  <update id="updateByPrimaryKey" parameterType="com.model.Rizhi">
    <!--
      WARNING - @mbggenerated
      This element is automatically generated by MyBatis Generator, do not modify.
    -->
    update t_rizhi
    set rizhiName = #{rizhiName,jdbcType=VARCHAR},
      dengluIp = #{dengluIp,jdbcType=VARCHAR},
      date = #{date,jdbcType=TIMESTAMP}
    where rizhiId = #{rizhiId,jdbcType=INTEGER}
  </update>
  <select id="selectByPrimaryKey" parameterType="java.lang.Integer" resultMap="BaseResultMap">
    <!--
      WARNING - @mbggenerated
      This element is automatically generated by MyBatis Generator, do not modify.
    -->
    select rizhiId, rizhiName, dengluIp, date
    from t_rizhi
    where rizhiId = #{rizhiId,jdbcType=INTEGER}
  </select>
	<select id="selectAll" resultMap="BaseResultMap">
		<!-- WARNING - @mbggenerated This element is automatically generated by 
			MyBatis Generator, do not modify. -->
		select * from t_rizhi
		WHERE 1=1
		<if test="rizhi!=null">
			<if test="rizhi.rizhiName!=null and rizhi.rizhiName!=''">
				AND rizhiName LIKE '%${rizhi.rizhiName}%'
			</if>
			<if test="rizhi.rizhiId!=null">
				AND rizhiId = #{rizhi.rizhiId}
			</if>
		</if>
		order by rizhiId
		<if test="rows!=0">
			limit #{page},#{rows}
		</if>
	</select>
</mapper>