<?xml version="1.0" encoding="UTF-8"?>
<!DOCTYPE mapper PUBLIC "-//mybatis.org//DTD Mapper 3.0//EN" "http://mybatis.org/dtd/mybatis-3-mapper.dtd">
<mapper namespace="com.mapper.RoleMapper">
  <resultMap id="BaseResultMap" type="com.model.Role">
    <!--
      WARNING - @mbggenerated
      This element is automatically generated by MyBatis Generator, do not modify.
    -->
    <id column="roleId" jdbcType="INTEGER" property="roleId" />
    <result column="roleName" jdbcType="VARCHAR" property="roleName" />
    <result column="roleMark" jdbcType="VARCHAR" property="roleMark" />
    <result column="roleMark1" jdbcType="VARCHAR" property="roleMark1" />
    <result column="roleMark2" jdbcType="INTEGER" property="roleMark2" />
  </resultMap>
  <delete id="deleteByPrimaryKey" parameterType="java.lang.Integer">
    <!--
      WARNING - @mbggenerated
      This element is automatically generated by MyBatis Generator, do not modify.
    -->
    delete from t_role
    where roleId = #{roleId,jdbcType=INTEGER}
  </delete>
  <insert id="insert" parameterType="com.model.Role">
    <!--
      WARNING - @mbggenerated
      This element is automatically generated by MyBatis Generator, do not modify.
    -->
    insert into t_role (roleId, roleName, roleMark, 
      roleMark1, roleMark2)
    values (#{roleId,jdbcType=INTEGER}, #{roleName,jdbcType=VARCHAR}, #{roleMark,jdbcType=VARCHAR}, 
      #{roleMark1,jdbcType=VARCHAR}, #{roleMark2,jdbcType=INTEGER})
  </insert>
  <update id="updateByPrimaryKey" parameterType="com.model.Role">
    <!--
      WARNING - @mbggenerated
      This element is automatically generated by MyBatis Generator, do not modify.
    -->
    update t_role
    set roleName = #{roleName,jdbcType=VARCHAR},
      roleMark = #{roleMark,jdbcType=VARCHAR},
      roleMark1 = #{roleMark1,jdbcType=VARCHAR},
      roleMark2 = #{roleMark2,jdbcType=INTEGER}
    where roleId = #{roleId,jdbcType=INTEGER}
  </update>
  <select id="selectByPrimaryKey" parameterType="java.lang.Integer" resultMap="BaseResultMap">
    <!--
      WARNING - @mbggenerated
      This element is automatically generated by MyBatis Generator, do not modify.
    -->
    select roleId, roleName, roleMark, roleMark1, roleMark2
    from t_role
    where roleId = #{roleId,jdbcType=INTEGER}
  </select>
	<select id="selectAll" resultMap="BaseResultMap">
		<!-- WARNING - @mbggenerated This element is automatically generated by 
			MyBatis Generator, do not modify. -->
		select * from t_role
		WHERE 1=1
		<if test="role!=null">
			<if test="role.roleName!=null and role.roleName!=''">
				AND roleName LIKE '%${role.roleName}%'
			</if>
			<if test="role.roleId!=null">
				AND roleId = #{role.roleId}
			</if>
			<if test="role.roleMark2!=null">
				AND roleMark2 = #{role.roleMark2}
			</if>
		</if>
		order by roleId
		<if test="rows!=0">
			limit #{page},#{rows}
		</if>
	</select>
</mapper>