<?xml version="1.0" encoding="UTF-8" ?>
<!DOCTYPE mapper PUBLIC "-//mybatis.org//DTD Mapper 3.0//EN" "http://mybatis.org/dtd/mybatis-3-mapper.dtd" >
<mapper namespace="com.mapper.SpchuMapper" >
  <resultMap id="BaseResultMap" type="com.model.Spchu" >
    <!--
      WARNING - @mbggenerated
      This element is automatically generated by MyBatis Generator, do not modify.
    -->
    <id column="spchuId" property="spchuId" jdbcType="INTEGER" />
    <result column="spchuName" property="spchuName" jdbcType="VARCHAR" />
    <result column="spchuMark" property="spchuMark" jdbcType="VARCHAR" />
    <result column="spchuMark1" property="spchuMark1" jdbcType="VARCHAR" />
    <result column="spchuMark2" property="spchuMark2" jdbcType="VARCHAR" />
    <result column="spchuMark3" property="spchuMark3" jdbcType="VARCHAR" />
    <result column="spchuDate" property="spchuDate" jdbcType="TIMESTAMP" />
    <result column="spchuDate1" property="spchuDate1" jdbcType="TIMESTAMP" />
    <result column="spchuZong" property="spchuZong" jdbcType="INTEGER" />
    <result column="spchuJine" property="spchuJine" jdbcType="DOUBLE" />
    <result column="spchuZe" property="spchuZe" jdbcType="DOUBLE" />
    <result column="spchuType" property="spchuType" jdbcType="INTEGER" />
    <result column="spchuType1" property="spchuType1" jdbcType="INTEGER" />
    <result column="shangpinId" property="shangpinId" jdbcType="INTEGER" />
    <result column="shangpinName" property="shangpinName" jdbcType="VARCHAR" />
    <result column="sptypeId" property="sptypeId" jdbcType="INTEGER" />
    <result column="sptypeName" property="sptypeName" jdbcType="VARCHAR" />
    <result column="yonghuId" property="yonghuId" jdbcType="INTEGER" />
    <result column="yonghuName" property="yonghuName" jdbcType="VARCHAR" />
    <result column="yhroleId" property="yhroleId" jdbcType="INTEGER" />
    <result column="yhroleName" property="yhroleName" jdbcType="VARCHAR" />
    <result column="yhbumenId" property="yhbumenId" jdbcType="INTEGER" />
    <result column="yhbumenName" property="yhbumenName" jdbcType="VARCHAR" />
    <result column="userId" property="userId" jdbcType="INTEGER" />
    <result column="userName" property="userName" jdbcType="VARCHAR" />
    <result column="bumenId" property="bumenId" jdbcType="INTEGER" />
    <result column="bumenName" property="bumenName" jdbcType="VARCHAR" />
    <result column="roleId" property="roleId" jdbcType="INTEGER" />
    <result column="roleName" property="roleName" jdbcType="VARCHAR" />
    <result column="spchuImg" property="spchuImg" jdbcType="VARCHAR" />
    <result column="spchuImgName" property="spchuImgName" jdbcType="VARCHAR" />
  </resultMap>
  <delete id="deleteByPrimaryKey" parameterType="java.lang.Integer" >
    <!--
      WARNING - @mbggenerated
      This element is automatically generated by MyBatis Generator, do not modify.
    -->
    delete from t_spchu
    where spchuId = #{spchuId,jdbcType=INTEGER}
  </delete>
  <insert id="insert" parameterType="com.model.Spchu" >
    <!--
      WARNING - @mbggenerated
      This element is automatically generated by MyBatis Generator, do not modify.
    -->
    insert into t_spchu (spchuId, spchuName, spchuMark, 
      spchuMark1, spchuMark2, spchuMark3, 
      spchuDate, spchuDate1, spchuZong, 
      spchuJine, spchuZe, spchuType, 
      spchuType1, shangpinId, shangpinName, 
      sptypeId, sptypeName, yonghuId, 
      yonghuName, yhroleId, yhroleName, 
      yhbumenId, yhbumenName, userId, 
      userName, bumenId, bumenName, 
      roleId, roleName, spchuImg, 
      spchuImgName)
    values (#{spchuId,jdbcType=INTEGER}, #{spchuName,jdbcType=VARCHAR}, #{spchuMark,jdbcType=VARCHAR}, 
      #{spchuMark1,jdbcType=VARCHAR}, #{spchuMark2,jdbcType=VARCHAR}, #{spchuMark3,jdbcType=VARCHAR}, 
      #{spchuDate,jdbcType=TIMESTAMP}, #{spchuDate1,jdbcType=TIMESTAMP}, #{spchuZong,jdbcType=INTEGER}, 
      #{spchuJine,jdbcType=DOUBLE}, #{spchuZe,jdbcType=DOUBLE}, #{spchuType,jdbcType=INTEGER}, 
      #{spchuType1,jdbcType=INTEGER}, #{shangpinId,jdbcType=INTEGER}, #{shangpinName,jdbcType=VARCHAR}, 
      #{sptypeId,jdbcType=INTEGER}, #{sptypeName,jdbcType=VARCHAR}, #{yonghuId,jdbcType=INTEGER}, 
      #{yonghuName,jdbcType=VARCHAR}, #{yhroleId,jdbcType=INTEGER}, #{yhroleName,jdbcType=VARCHAR}, 
      #{yhbumenId,jdbcType=INTEGER}, #{yhbumenName,jdbcType=VARCHAR}, #{userId,jdbcType=INTEGER}, 
      #{userName,jdbcType=VARCHAR}, #{bumenId,jdbcType=INTEGER}, #{bumenName,jdbcType=VARCHAR}, 
      #{roleId,jdbcType=INTEGER}, #{roleName,jdbcType=VARCHAR}, #{spchuImg,jdbcType=VARCHAR}, 
      #{spchuImgName,jdbcType=VARCHAR})
  </insert>
  <update id="updateByPrimaryKey" parameterType="com.model.Spchu" >
    <!--
      WARNING - @mbggenerated
      This element is automatically generated by MyBatis Generator, do not modify.
    -->
    update t_spchu
    set spchuName = #{spchuName,jdbcType=VARCHAR},
      spchuMark = #{spchuMark,jdbcType=VARCHAR},
      spchuMark1 = #{spchuMark1,jdbcType=VARCHAR},
      spchuMark2 = #{spchuMark2,jdbcType=VARCHAR},
      spchuMark3 = #{spchuMark3,jdbcType=VARCHAR},
      spchuDate = #{spchuDate,jdbcType=TIMESTAMP},
      spchuDate1 = #{spchuDate1,jdbcType=TIMESTAMP},
      spchuZong = #{spchuZong,jdbcType=INTEGER},
      spchuJine = #{spchuJine,jdbcType=DOUBLE},
      spchuZe = #{spchuZe,jdbcType=DOUBLE},
      spchuType = #{spchuType,jdbcType=INTEGER},
      spchuType1 = #{spchuType1,jdbcType=INTEGER},
      shangpinId = #{shangpinId,jdbcType=INTEGER},
      shangpinName = #{shangpinName,jdbcType=VARCHAR},
      sptypeId = #{sptypeId,jdbcType=INTEGER},
      sptypeName = #{sptypeName,jdbcType=VARCHAR},
      yonghuId = #{yonghuId,jdbcType=INTEGER},
      yonghuName = #{yonghuName,jdbcType=VARCHAR},
      yhroleId = #{yhroleId,jdbcType=INTEGER},
      yhroleName = #{yhroleName,jdbcType=VARCHAR},
      yhbumenId = #{yhbumenId,jdbcType=INTEGER},
      yhbumenName = #{yhbumenName,jdbcType=VARCHAR},
      userId = #{userId,jdbcType=INTEGER},
      userName = #{userName,jdbcType=VARCHAR},
      bumenId = #{bumenId,jdbcType=INTEGER},
      bumenName = #{bumenName,jdbcType=VARCHAR},
      roleId = #{roleId,jdbcType=INTEGER},
      roleName = #{roleName,jdbcType=VARCHAR},
      spchuImg = #{spchuImg,jdbcType=VARCHAR},
      spchuImgName = #{spchuImgName,jdbcType=VARCHAR}
    where spchuId = #{spchuId,jdbcType=INTEGER}
  </update>
  <select id="selectByPrimaryKey" resultMap="BaseResultMap" parameterType="java.lang.Integer" >
    <!--
      WARNING - @mbggenerated
      This element is automatically generated by MyBatis Generator, do not modify.
    -->
    select spchuId, spchuName, spchuMark, spchuMark1, spchuMark2, spchuMark3, spchuDate, 
    spchuDate1, spchuZong, spchuJine, spchuZe, spchuType, spchuType1, shangpinId, shangpinName, 
    sptypeId, sptypeName, yonghuId, yonghuName, yhroleId, yhroleName, yhbumenId, yhbumenName, 
    userId, userName, bumenId, bumenName, roleId, roleName, spchuImg, spchuImgName
    from t_spchu
    where spchuId = #{spchuId,jdbcType=INTEGER}
  </select>

	<select id="selectAll" resultMap="BaseResultMap">

		<!-- WARNING - @mbggenerated This element is automatically generated by 

			MyBatis Generator, do not modify. -->

		select * from t_spchu

		WHERE 1=1

		<if test="sdate!=null and sdate!=''">

			 AND spchuDate &gt;= #{sdate,jdbcType=TIMESTAMP} 

		</if>

		<if test="sdate!=null and sdate!=''">

			 AND spchuDate &lt;= #{edate,jdbcType=TIMESTAMP} 

		</if>

		<if test="spchu!=null">

			<if test="spchu.spchuName!=null and spchu.spchuName!=''">

				 AND spchuName LIKE  '%${spchu.spchuName}%' 

			</if>

			<if test="spchu.spchuId!=null">

				 AND spchuId = #{spchu.spchuId} 

			</if>

			<if test="spchu.sptypeId!=null">

				 AND sptypeId = #{spchu.sptypeId} 

			</if>

			<if test="spchu.spchuType!=null">

				 AND spchuType = #{spchu.spchuType} 

			</if>

			<if test="spchu.spchuType1!=null">

				 AND spchuType1 = #{spchu.spchuType1} 

			</if>

			<if test="spchu.userId!=null">

				 AND userId = #{spchu.userId} 

			</if>

			<if test="spchu.bumenId!=null">

				 AND bumenId = #{spchu.bumenId} 

			</if>

			<if test="spchu.roleId!=null">

				 AND roleId = #{spchu.roleId} 

			</if>

			<if test="spchu.shangpinId!=null">

				 AND shangpinId = #{spchu.shangpinId} 

			</if>

			<if test="spchu.yhroleId!=null">

				 AND yhroleId = #{spchu.yhroleId} 

			</if>

			<if test="spchu.yonghuId!=null">

				 AND yonghuId = #{spchu.yonghuId} 

			</if>

			<if test="spchu.yhbumenId!=null">

				 AND yhbumenId = #{spchu.yhbumenId} 

			</if>
		</if>

		order by spchuId 

		<if test="rows!=0">

			limit #{page},#{rows}

		</if>

	</select>
</mapper>