<?xml version="1.0" encoding="UTF-8" ?>
<!DOCTYPE mapper PUBLIC "-//mybatis.org//DTD Mapper 3.0//EN" "http://mybatis.org/dtd/mybatis-3-mapper.dtd" >
<mapper namespace="com.mapper.SpgysMapper" >
  <resultMap id="BaseResultMap" type="com.model.Spgys" >
    <!--
      WARNING - @mbggenerated
      This element is automatically generated by MyBatis Generator, do not modify.
    -->
    <id column="spgysId" property="spgysId" jdbcType="INTEGER" />
    <result column="spgysName" property="spgysName" jdbcType="VARCHAR" />
    <result column="spgysMark" property="spgysMark" jdbcType="VARCHAR" />
    <result column="spgysMark1" property="spgysMark1" jdbcType="VARCHAR" />
    <result column="spgysMark2" property="spgysMark2" jdbcType="VARCHAR" />
    <result column="spgysPhone" property="spgysPhone" jdbcType="VARCHAR" />
    <result column="spgysDizhi" property="spgysDizhi" jdbcType="VARCHAR" />
    <result column="spgysDate" property="spgysDate" jdbcType="TIMESTAMP" />
    <result column="spgysDate1" property="spgysDate1" jdbcType="TIMESTAMP" />
    <result column="spgysType" property="spgysType" jdbcType="INTEGER" />
    <result column="spgysType1" property="spgysType1" jdbcType="INTEGER" />
  </resultMap>
  <delete id="deleteByPrimaryKey" parameterType="java.lang.Integer" >
    <!--
      WARNING - @mbggenerated
      This element is automatically generated by MyBatis Generator, do not modify.
    -->
    delete from t_spgys
    where spgysId = #{spgysId,jdbcType=INTEGER}
  </delete>
  <insert id="insert" parameterType="com.model.Spgys" >
    <!--
      WARNING - @mbggenerated
      This element is automatically generated by MyBatis Generator, do not modify.
    -->
    insert into t_spgys (spgysId, spgysName, spgysMark, 
      spgysMark1, spgysMark2, spgysPhone, 
      spgysDizhi, spgysDate, spgysDate1, 
      spgysType, spgysType1)
    values (#{spgysId,jdbcType=INTEGER}, #{spgysName,jdbcType=VARCHAR}, #{spgysMark,jdbcType=VARCHAR}, 
      #{spgysMark1,jdbcType=VARCHAR}, #{spgysMark2,jdbcType=VARCHAR}, #{spgysPhone,jdbcType=VARCHAR}, 
      #{spgysDizhi,jdbcType=VARCHAR}, #{spgysDate,jdbcType=TIMESTAMP}, #{spgysDate1,jdbcType=TIMESTAMP}, 
      #{spgysType,jdbcType=INTEGER}, #{spgysType1,jdbcType=INTEGER})
  </insert>
  <update id="updateByPrimaryKey" parameterType="com.model.Spgys" >
    <!--
      WARNING - @mbggenerated
      This element is automatically generated by MyBatis Generator, do not modify.
    -->
    update t_spgys
    set spgysName = #{spgysName,jdbcType=VARCHAR},
      spgysMark = #{spgysMark,jdbcType=VARCHAR},
      spgysMark1 = #{spgysMark1,jdbcType=VARCHAR},
      spgysMark2 = #{spgysMark2,jdbcType=VARCHAR},
      spgysPhone = #{spgysPhone,jdbcType=VARCHAR},
      spgysDizhi = #{spgysDizhi,jdbcType=VARCHAR},
      spgysDate = #{spgysDate,jdbcType=TIMESTAMP},
      spgysDate1 = #{spgysDate1,jdbcType=TIMESTAMP},
      spgysType = #{spgysType,jdbcType=INTEGER},
      spgysType1 = #{spgysType1,jdbcType=INTEGER}
    where spgysId = #{spgysId,jdbcType=INTEGER}
  </update>
  <select id="selectByPrimaryKey" resultMap="BaseResultMap" parameterType="java.lang.Integer" >
    <!--
      WARNING - @mbggenerated
      This element is automatically generated by MyBatis Generator, do not modify.
    -->
    select spgysId, spgysName, spgysMark, spgysMark1, spgysMark2, spgysPhone, spgysDizhi, 
    spgysDate, spgysDate1, spgysType, spgysType1
    from t_spgys
    where spgysId = #{spgysId,jdbcType=INTEGER}
  </select>

	<select id="selectAll" resultMap="BaseResultMap">

		<!-- WARNING - @mbggenerated This element is automatically generated by 

			MyBatis Generator, do not modify. -->

		select * from t_spgys

		WHERE 1=1

		<if test="sdate!=null and sdate!=''">

			 AND spgysDate &gt;= #{sdate,jdbcType=TIMESTAMP} 

		</if>

		<if test="sdate!=null and sdate!=''">

			 AND spgysDate &lt;= #{edate,jdbcType=TIMESTAMP} 

		</if>

		<if test="spgys!=null">

			<if test="spgys.spgysName!=null and spgys.spgysName!=''">

				AND spgysName LIKE '%${spgys.spgysName}%'

			</if>

			<if test="spgys.spgysId!=null">

				AND spgysId = #{spgys.spgysId}

			</if>

			<if test="spgys.spgysType!=null">

				 AND spgysType = #{uxinxi.spgysType} 

			</if>

			<if test="spgys.spgysType1!=null">

				 AND spgysType1 = #{uxinxi.spgysType1} 

			</if>
		</if>

		order by spgysId

		<if test="rows!=0">

			limit #{page},#{rows}

		</if>

	</select>
</mapper>