<?xml version="1.0" encoding="UTF-8"?>
<!DOCTYPE mapper PUBLIC "-//mybatis.org//DTD Mapper 3.0//EN" "http://mybatis.org/dtd/mybatis-3-mapper.dtd">
<mapper namespace="com.mapper.SpjinMapper">
  <resultMap id="BaseResultMap" type="com.model.Spjin">
    <!--
      WARNING - @mbggenerated
      This element is automatically generated by MyBatis Generator, do not modify.
    -->
    <id column="spjinId" jdbcType="INTEGER" property="spjinId" />
    <result column="spjinName" jdbcType="VARCHAR" property="spjinName" />
    <result column="spjinMark" jdbcType="VARCHAR" property="spjinMark" />
    <result column="spjinMark1" jdbcType="VARCHAR" property="spjinMark1" />
    <result column="spjinMark2" jdbcType="VARCHAR" property="spjinMark2" />
    <result column="spjinMark3" jdbcType="VARCHAR" property="spjinMark3" />
    <result column="spjinDate" jdbcType="TIMESTAMP" property="spjinDate" />
    <result column="spjinDate1" jdbcType="TIMESTAMP" property="spjinDate1" />
    <result column="spjinZong" jdbcType="INTEGER" property="spjinZong" />
    <result column="spjinJine" jdbcType="DOUBLE" property="spjinJine" />
    <result column="spjinZe" jdbcType="DOUBLE" property="spjinZe" />
    <result column="spjinType" jdbcType="INTEGER" property="spjinType" />
    <result column="spjinType1" jdbcType="INTEGER" property="spjinType1" />
    <result column="shangpinId" jdbcType="INTEGER" property="shangpinId" />
    <result column="shangpinName" jdbcType="VARCHAR" property="shangpinName" />
    <result column="sptypeId" jdbcType="INTEGER" property="sptypeId" />
    <result column="sptypeName" jdbcType="VARCHAR" property="sptypeName" />
    <result column="spcangkuId" jdbcType="INTEGER" property="spcangkuId" />
    <result column="spcangkuName" jdbcType="VARCHAR" property="spcangkuName" />
    <result column="spgysId" jdbcType="INTEGER" property="spgysId" />
    <result column="spgysName" jdbcType="VARCHAR" property="spgysName" />
    <result column="userId" jdbcType="INTEGER" property="userId" />
    <result column="userName" jdbcType="VARCHAR" property="userName" />
    <result column="bumenId" jdbcType="INTEGER" property="bumenId" />
    <result column="bumenName" jdbcType="VARCHAR" property="bumenName" />
    <result column="roleId" jdbcType="INTEGER" property="roleId" />
    <result column="roleName" jdbcType="VARCHAR" property="roleName" />
    <result column="spjinImg" jdbcType="VARCHAR" property="spjinImg" />
    <result column="spjinImgName" jdbcType="VARCHAR" property="spjinImgName" />
  </resultMap>
  <delete id="deleteByPrimaryKey" parameterType="java.lang.Integer">
    <!--
      WARNING - @mbggenerated
      This element is automatically generated by MyBatis Generator, do not modify.
    -->
    delete from t_spjin
    where spjinId = #{spjinId,jdbcType=INTEGER}
  </delete>
  <insert id="insert" parameterType="com.model.Spjin">
    <!--
      WARNING - @mbggenerated
      This element is automatically generated by MyBatis Generator, do not modify.
    -->
    insert into t_spjin (spjinId, spjinName, spjinMark, 
      spjinMark1, spjinMark2, spjinMark3, 
      spjinDate, spjinDate1, spjinZong, 
      spjinJine, spjinZe, spjinType, 
      spjinType1, shangpinId, shangpinName, 
      sptypeId, sptypeName, spcangkuId, 
      spcangkuName, spgysId, spgysName, 
      userId, userName, bumenId, 
      bumenName, roleId, roleName, 
      spjinImg, spjinImgName)
    values (#{spjinId,jdbcType=INTEGER}, #{spjinName,jdbcType=VARCHAR}, #{spjinMark,jdbcType=VARCHAR}, 
      #{spjinMark1,jdbcType=VARCHAR}, #{spjinMark2,jdbcType=VARCHAR}, #{spjinMark3,jdbcType=VARCHAR}, 
      #{spjinDate,jdbcType=TIMESTAMP}, #{spjinDate1,jdbcType=TIMESTAMP}, #{spjinZong,jdbcType=INTEGER}, 
      #{spjinJine,jdbcType=DOUBLE}, #{spjinZe,jdbcType=DOUBLE}, #{spjinType,jdbcType=INTEGER}, 
      #{spjinType1,jdbcType=INTEGER}, #{shangpinId,jdbcType=INTEGER}, #{shangpinName,jdbcType=VARCHAR}, 
      #{sptypeId,jdbcType=INTEGER}, #{sptypeName,jdbcType=VARCHAR}, #{spcangkuId,jdbcType=INTEGER}, 
      #{spcangkuName,jdbcType=VARCHAR}, #{spgysId,jdbcType=INTEGER}, #{spgysName,jdbcType=VARCHAR}, 
      #{userId,jdbcType=INTEGER}, #{userName,jdbcType=VARCHAR}, #{bumenId,jdbcType=INTEGER}, 
      #{bumenName,jdbcType=VARCHAR}, #{roleId,jdbcType=INTEGER}, #{roleName,jdbcType=VARCHAR}, 
      #{spjinImg,jdbcType=VARCHAR}, #{spjinImgName,jdbcType=VARCHAR})
  </insert>
  <update id="updateByPrimaryKey" parameterType="com.model.Spjin">
    <!--
      WARNING - @mbggenerated
      This element is automatically generated by MyBatis Generator, do not modify.
    -->
    update t_spjin
    set spjinName = #{spjinName,jdbcType=VARCHAR},
      spjinMark = #{spjinMark,jdbcType=VARCHAR},
      spjinMark1 = #{spjinMark1,jdbcType=VARCHAR},
      spjinMark2 = #{spjinMark2,jdbcType=VARCHAR},
      spjinMark3 = #{spjinMark3,jdbcType=VARCHAR},
      spjinDate = #{spjinDate,jdbcType=TIMESTAMP},
      spjinDate1 = #{spjinDate1,jdbcType=TIMESTAMP},
      spjinZong = #{spjinZong,jdbcType=INTEGER},
      spjinJine = #{spjinJine,jdbcType=DOUBLE},
      spjinZe = #{spjinZe,jdbcType=DOUBLE},
      spjinType = #{spjinType,jdbcType=INTEGER},
      spjinType1 = #{spjinType1,jdbcType=INTEGER},
      shangpinId = #{shangpinId,jdbcType=INTEGER},
      shangpinName = #{shangpinName,jdbcType=VARCHAR},
      sptypeId = #{sptypeId,jdbcType=INTEGER},
      sptypeName = #{sptypeName,jdbcType=VARCHAR},
      spcangkuId = #{spcangkuId,jdbcType=INTEGER},
      spcangkuName = #{spcangkuName,jdbcType=VARCHAR},
      spgysId = #{spgysId,jdbcType=INTEGER},
      spgysName = #{spgysName,jdbcType=VARCHAR},
      userId = #{userId,jdbcType=INTEGER},
      userName = #{userName,jdbcType=VARCHAR},
      bumenId = #{bumenId,jdbcType=INTEGER},
      bumenName = #{bumenName,jdbcType=VARCHAR},
      roleId = #{roleId,jdbcType=INTEGER},
      roleName = #{roleName,jdbcType=VARCHAR},
      spjinImg = #{spjinImg,jdbcType=VARCHAR},
      spjinImgName = #{spjinImgName,jdbcType=VARCHAR}
    where spjinId = #{spjinId,jdbcType=INTEGER}
  </update>
  <select id="selectByPrimaryKey" parameterType="java.lang.Integer" resultMap="BaseResultMap">
    <!--
      WARNING - @mbggenerated
      This element is automatically generated by MyBatis Generator, do not modify.
    -->
    select spjinId, spjinName, spjinMark, spjinMark1, spjinMark2, spjinMark3, spjinDate, 
    spjinDate1, spjinZong, spjinJine, spjinZe, spjinType, spjinType1, shangpinId, shangpinName, 
    sptypeId, sptypeName, spcangkuId, spcangkuName, spgysId, spgysName, userId, userName, 
    bumenId, bumenName, roleId, roleName, spjinImg, spjinImgName
    from t_spjin
    where spjinId = #{spjinId,jdbcType=INTEGER}
  </select>

	<select id="selectAll" resultMap="BaseResultMap">

		<!-- WARNING - @mbggenerated This element is automatically generated by 

			MyBatis Generator, do not modify. -->

		select * from t_spjin

		WHERE 1=1

		<if test="sdate!=null and sdate!=''">

			 AND spjinDate &gt;= #{sdate,jdbcType=TIMESTAMP} 

		</if>

		<if test="sdate!=null and sdate!=''">

			 AND spjinDate &lt;= #{edate,jdbcType=TIMESTAMP} 

		</if>

		<if test="spjin!=null">

			<if test="spjin.spjinName!=null and spjin.spjinName!=''">

				 AND spjinName LIKE  '%${spjin.spjinName}%' 

			</if>

			<if test="spjin.spjinId!=null">

				 AND spjinId = #{spjin.spjinId} 

			</if>

			<if test="spjin.sptypeId!=null">

				 AND sptypeId = #{spjin.sptypeId} 

			</if>

			<if test="spjin.spjinType!=null">

				 AND spjinType = #{spjin.spjinType} 

			</if>

			<if test="spjin.spjinType1!=null">

				 AND spjinType1 = #{spjin.spjinType1} 

			</if>

			<if test="spjin.userId!=null">

				 AND userId = #{spjin.userId} 

			</if>

			<if test="spjin.bumenId!=null">

				 AND bumenId = #{spjin.bumenId} 

			</if>

			<if test="spjin.roleId!=null">

				 AND roleId = #{spjin.roleId} 

			</if>

			<if test="spjin.shangpinId!=null">

				 AND shangpinId = #{spjin.shangpinId} 

			</if>

			<if test="spjin.spcangkuId!=null">

				 AND spcangkuId = #{spjin.spcangkuId} 

			</if>

			<if test="spjin.spgysId!=null">

				 AND spgysId = #{spjin.spgysId} 

			</if>
		</if>

		order by spjinId 

		<if test="rows!=0">

			limit #{page},#{rows}

		</if>

	</select>
</mapper>