<?xml version="1.0" encoding="UTF-8" ?>
<!DOCTYPE mapper PUBLIC "-//mybatis.org//DTD Mapper 3.0//EN" "http://mybatis.org/dtd/mybatis-3-mapper.dtd" >
<mapper namespace="com.mapper.SptypeMapper" >
  <resultMap id="BaseResultMap" type="com.model.Sptype" >
    <!--
      WARNING - @mbggenerated
      This element is automatically generated by MyBatis Generator, do not modify.
    -->
    <id column="sptypeId" property="sptypeId" jdbcType="INTEGER" />
    <result column="sptypeName" property="sptypeName" jdbcType="VARCHAR" />
    <result column="sptypeMark" property="sptypeMark" jdbcType="VARCHAR" />
    <result column="sptypeMark1" property="sptypeMark1" jdbcType="VARCHAR" />
    <result column="sptypeMark2" property="sptypeMark2" jdbcType="INTEGER" />
  </resultMap>
  <delete id="deleteByPrimaryKey" parameterType="java.lang.Integer" >
    <!--
      WARNING - @mbggenerated
      This element is automatically generated by MyBatis Generator, do not modify.
    -->
    delete from t_sptype
    where sptypeId = #{sptypeId,jdbcType=INTEGER}
  </delete>
  <insert id="insert" parameterType="com.model.Sptype" >
    <!--
      WARNING - @mbggenerated
      This element is automatically generated by MyBatis Generator, do not modify.
    -->
    insert into t_sptype (sptypeId, sptypeName, sptypeMark, 
      sptypeMark1, sptypeMark2)
    values (#{sptypeId,jdbcType=INTEGER}, #{sptypeName,jdbcType=VARCHAR}, #{sptypeMark,jdbcType=VARCHAR}, 
      #{sptypeMark1,jdbcType=VARCHAR}, #{sptypeMark2,jdbcType=INTEGER})
  </insert>
  <update id="updateByPrimaryKey" parameterType="com.model.Sptype" >
    <!--
      WARNING - @mbggenerated
      This element is automatically generated by MyBatis Generator, do not modify.
    -->
    update t_sptype
    set sptypeName = #{sptypeName,jdbcType=VARCHAR},
      sptypeMark = #{sptypeMark,jdbcType=VARCHAR},
      sptypeMark1 = #{sptypeMark1,jdbcType=VARCHAR},
      sptypeMark2 = #{sptypeMark2,jdbcType=INTEGER}
    where sptypeId = #{sptypeId,jdbcType=INTEGER}
  </update>
  <select id="selectByPrimaryKey" resultMap="BaseResultMap" parameterType="java.lang.Integer" >
    <!--
      WARNING - @mbggenerated
      This element is automatically generated by MyBatis Generator, do not modify.
    -->
    select sptypeId, sptypeName, sptypeMark, sptypeMark1, sptypeMark2
    from t_sptype
    where sptypeId = #{sptypeId,jdbcType=INTEGER}
  </select>

	<select id="selectAll" resultMap="BaseResultMap">

		<!-- WARNING - @mbggenerated This element is automatically generated by 

			MyBatis Generator, do not modify. -->

		select * from t_sptype

		WHERE 1=1

		<if test="sptype!=null">

			<if test="sptype.sptypeName!=null and sptype.sptypeName!=''">

				AND sptypeName LIKE '%${sptype.sptypeName}%'

			</if>

			<if test="sptype.sptypeId!=null">

				AND sptypeId = #{sptype.sptypeId}

			</if>

			<if test="sptype.sptypeMark2!=null">

				AND sptypeMark2 = #{sptype.sptypeMark2}

			</if>
		</if>

		order by sptypeId

		<if test="rows!=0">

			limit #{page},#{rows}

		</if>

	</select>
</mapper>