<?xml version="1.0" encoding="UTF-8"?>
<!DOCTYPE mapper PUBLIC "-//mybatis.org//DTD Mapper 3.0//EN" "http://mybatis.org/dtd/mybatis-3-mapper.dtd">
<mapper namespace="com.mapper.UzhanneiMapper">
  <resultMap id="BaseResultMap" type="com.model.Uzhannei">
    <!--
      WARNING - @mbggenerated
      This element is automatically generated by MyBatis Generator, do not modify.
    -->
    <id column="uzhanneiId" jdbcType="INTEGER" property="uzhanneiId" />
    <result column="uzhanneiName" jdbcType="VARCHAR" property="uzhanneiName" />
    <result column="uzhanneiMark" jdbcType="VARCHAR" property="uzhanneiMark" />
    <result column="uzhanneiMark1" jdbcType="VARCHAR" property="uzhanneiMark1" />
    <result column="uzhanneiMark2" jdbcType="VARCHAR" property="uzhanneiMark2" />
    <result column="uzhanneiImg" jdbcType="VARCHAR" property="uzhanneiImg" />
    <result column="uzhanneiImgName" jdbcType="VARCHAR" property="uzhanneiImgName" />
    <result column="uzhanneiDate" jdbcType="TIMESTAMP" property="uzhanneiDate" />
    <result column="uzhanneiDate1" jdbcType="TIMESTAMP" property="uzhanneiDate1" />
    <result column="uzhanneiType" jdbcType="INTEGER" property="uzhanneiType" />
    <result column="uzhanneiType1" jdbcType="INTEGER" property="uzhanneiType1" />
    <result column="uxtypeId" jdbcType="INTEGER" property="uxtypeId" />
    <result column="uxtypeName" jdbcType="VARCHAR" property="uxtypeName" />
    <result column="userId" jdbcType="INTEGER" property="userId" />
    <result column="userName" jdbcType="VARCHAR" property="userName" />
    <result column="shouuserId" jdbcType="INTEGER" property="shouuserId" />
    <result column="shouuserName" jdbcType="VARCHAR" property="shouuserName" />
    <result column="bumenId" jdbcType="INTEGER" property="bumenId" />
    <result column="bumenName" jdbcType="VARCHAR" property="bumenName" />
  </resultMap>
  <delete id="deleteByPrimaryKey" parameterType="java.lang.Integer">
    <!--
      WARNING - @mbggenerated
      This element is automatically generated by MyBatis Generator, do not modify.
    -->
    delete from t_uzhannei
    where uzhanneiId = #{uzhanneiId,jdbcType=INTEGER}
  </delete>
  <insert id="insert" parameterType="com.model.Uzhannei">
    <!--
      WARNING - @mbggenerated
      This element is automatically generated by MyBatis Generator, do not modify.
    -->
    insert into t_uzhannei (uzhanneiId, uzhanneiName, uzhanneiMark, 
      uzhanneiMark1, uzhanneiMark2, uzhanneiImg, 
      uzhanneiImgName, uzhanneiDate, uzhanneiDate1, 
      uzhanneiType, uzhanneiType1, uxtypeId, 
      uxtypeName, userId, userName, 
      shouuserId, shouuserName, bumenId, 
      bumenName)
    values (#{uzhanneiId,jdbcType=INTEGER}, #{uzhanneiName,jdbcType=VARCHAR}, #{uzhanneiMark,jdbcType=VARCHAR}, 
      #{uzhanneiMark1,jdbcType=VARCHAR}, #{uzhanneiMark2,jdbcType=VARCHAR}, #{uzhanneiImg,jdbcType=VARCHAR}, 
      #{uzhanneiImgName,jdbcType=VARCHAR}, #{uzhanneiDate,jdbcType=TIMESTAMP}, #{uzhanneiDate1,jdbcType=TIMESTAMP}, 
      #{uzhanneiType,jdbcType=INTEGER}, #{uzhanneiType1,jdbcType=INTEGER}, #{uxtypeId,jdbcType=INTEGER}, 
      #{uxtypeName,jdbcType=VARCHAR}, #{userId,jdbcType=INTEGER}, #{userName,jdbcType=VARCHAR}, 
      #{shouuserId,jdbcType=INTEGER}, #{shouuserName,jdbcType=VARCHAR}, #{bumenId,jdbcType=INTEGER}, 
      #{bumenName,jdbcType=VARCHAR})
  </insert>
  <update id="updateByPrimaryKey" parameterType="com.model.Uzhannei">
    <!--
      WARNING - @mbggenerated
      This element is automatically generated by MyBatis Generator, do not modify.
    -->
    update t_uzhannei
    set uzhanneiName = #{uzhanneiName,jdbcType=VARCHAR},
      uzhanneiMark = #{uzhanneiMark,jdbcType=VARCHAR},
      uzhanneiMark1 = #{uzhanneiMark1,jdbcType=VARCHAR},
      uzhanneiMark2 = #{uzhanneiMark2,jdbcType=VARCHAR},
      uzhanneiImg = #{uzhanneiImg,jdbcType=VARCHAR},
      uzhanneiImgName = #{uzhanneiImgName,jdbcType=VARCHAR},
      uzhanneiDate = #{uzhanneiDate,jdbcType=TIMESTAMP},
      uzhanneiDate1 = #{uzhanneiDate1,jdbcType=TIMESTAMP},
      uzhanneiType = #{uzhanneiType,jdbcType=INTEGER},
      uzhanneiType1 = #{uzhanneiType1,jdbcType=INTEGER},
      uxtypeId = #{uxtypeId,jdbcType=INTEGER},
      uxtypeName = #{uxtypeName,jdbcType=VARCHAR},
      userId = #{userId,jdbcType=INTEGER},
      userName = #{userName,jdbcType=VARCHAR},
      shouuserId = #{shouuserId,jdbcType=INTEGER},
      shouuserName = #{shouuserName,jdbcType=VARCHAR},
      bumenId = #{bumenId,jdbcType=INTEGER},
      bumenName = #{bumenName,jdbcType=VARCHAR}
    where uzhanneiId = #{uzhanneiId,jdbcType=INTEGER}
  </update>
  <select id="selectByPrimaryKey" parameterType="java.lang.Integer" resultMap="BaseResultMap">
    <!--
      WARNING - @mbggenerated
      This element is automatically generated by MyBatis Generator, do not modify.
    -->
    select uzhanneiId, uzhanneiName, uzhanneiMark, uzhanneiMark1, uzhanneiMark2, uzhanneiImg, 
    uzhanneiImgName, uzhanneiDate, uzhanneiDate1, uzhanneiType, uzhanneiType1, uxtypeId, 
    uxtypeName, userId, userName, shouuserId, shouuserName, bumenId, bumenName
    from t_uzhannei
    where uzhanneiId = #{uzhanneiId,jdbcType=INTEGER}
  </select>
	<select id="selectAll" resultMap="BaseResultMap">
		<!-- WARNING - @mbggenerated This element is automatically generated by 
			MyBatis Generator, do not modify. -->
		select * from t_uzhannei
		WHERE 1=1
		<if test="sdate!=null and sdate!=''">
			 AND uzhanneiDate &gt;= #{sdate,jdbcType=TIMESTAMP} 
		</if>
		<if test="sdate!=null and sdate!=''">
			 AND uzhanneiDate &lt;= #{edate,jdbcType=TIMESTAMP} 
		</if>
		<if test="uzhannei!=null">
			<if test="uzhannei.uzhanneiName!=null and uzhannei.uzhanneiName!=''">
				 AND uzhanneiName LIKE  '%${uzhannei.uzhanneiName}%' 
			</if>
			<if test="uzhannei.uzhanneiId!=null">
				 AND uzhanneiId = #{uzhannei.uzhanneiId} 
			</if>
			<if test="uzhannei.uxtypeId!=null">
				 AND uxtypeId = #{uzhannei.uxtypeId} 
			</if>
			<if test="uzhannei.uzhanneiType!=null">
				 AND uzhanneiType = #{uzhannei.uzhanneiType} 
			</if>
			<if test="uzhannei.uzhanneiType1!=null">
				 AND uzhanneiType1 = #{uzhannei.uzhanneiType1} 
			</if>
			<if test="uzhannei.userId!=null">
				 AND userId = #{uzhannei.userId} 
			</if>
			<if test="uzhannei.bumenId!=null">
				 AND bumenId = #{uzhannei.bumenId} 
			</if>
			<if test="uzhannei.shouuserId!=null">
				 AND shouuserId = #{uzhannei.shouuserId} 
			</if>
		</if>
		order by uzhanneiId 
		<if test="rows!=0">
			limit #{page},#{rows}
		</if>
	</select>
</mapper>