<?xml version="1.0" encoding="UTF-8" ?>
<!DOCTYPE mapper PUBLIC "-//mybatis.org//DTD Mapper 3.0//EN" "http://mybatis.org/dtd/mybatis-3-mapper.dtd" >
<mapper namespace="com.mapper.YhroleMapper" >
  <resultMap id="BaseResultMap" type="com.model.Yhrole" >
    <!--
      WARNING - @mbggenerated
      This element is automatically generated by MyBatis Generator, do not modify.
    -->
    <id column="yhroleId" property="yhroleId" jdbcType="INTEGER" />
    <result column="yhroleName" property="yhroleName" jdbcType="VARCHAR" />
    <result column="yhroleMark" property="yhroleMark" jdbcType="VARCHAR" />
    <result column="yhroleMark1" property="yhroleMark1" jdbcType="VARCHAR" />
    <result column="yhroleMark2" property="yhroleMark2" jdbcType="INTEGER" />
  </resultMap>
  <delete id="deleteByPrimaryKey" parameterType="java.lang.Integer" >
    <!--
      WARNING - @mbggenerated
      This element is automatically generated by MyBatis Generator, do not modify.
    -->
    delete from t_yhrole
    where yhroleId = #{yhroleId,jdbcType=INTEGER}
  </delete>
  <insert id="insert" parameterType="com.model.Yhrole" >
    <!--
      WARNING - @mbggenerated
      This element is automatically generated by MyBatis Generator, do not modify.
    -->
    insert into t_yhrole (yhroleId, yhroleName, yhroleMark, 
      yhroleMark1, yhroleMark2)
    values (#{yhroleId,jdbcType=INTEGER}, #{yhroleName,jdbcType=VARCHAR}, #{yhroleMark,jdbcType=VARCHAR}, 
      #{yhroleMark1,jdbcType=VARCHAR}, #{yhroleMark2,jdbcType=INTEGER})
  </insert>
  <update id="updateByPrimaryKey" parameterType="com.model.Yhrole" >
    <!--
      WARNING - @mbggenerated
      This element is automatically generated by MyBatis Generator, do not modify.
    -->
    update t_yhrole
    set yhroleName = #{yhroleName,jdbcType=VARCHAR},
      yhroleMark = #{yhroleMark,jdbcType=VARCHAR},
      yhroleMark1 = #{yhroleMark1,jdbcType=VARCHAR},
      yhroleMark2 = #{yhroleMark2,jdbcType=INTEGER}
    where yhroleId = #{yhroleId,jdbcType=INTEGER}
  </update>
  <select id="selectByPrimaryKey" resultMap="BaseResultMap" parameterType="java.lang.Integer" >
    <!--
      WARNING - @mbggenerated
      This element is automatically generated by MyBatis Generator, do not modify.
    -->
    select yhroleId, yhroleName, yhroleMark, yhroleMark1, yhroleMark2
    from t_yhrole
    where yhroleId = #{yhroleId,jdbcType=INTEGER}
  </select>
	<select id="selectAll" resultMap="BaseResultMap">
		<!-- WARNING - @mbggenerated This element is automatically generated by 
			MyBatis Generator, do not modify. -->
		select * from t_yhrole
		WHERE 1=1
		<if test="yhrole!=null">
			<if test="yhrole.yhroleName!=null and yhrole.yhroleName!=''">
				AND yhroleName LIKE '%${yhrole.yhroleName}%'
			</if>
			<if test="yhrole.yhroleId!=null">
				AND yhroleId = #{yhrole.yhroleId}
			</if>
			<if test="yhrole.yhroleMark2!=null">
				AND yhroleMark2 = #{yhrole.yhroleMark2}
			</if>
		</if>
		order by yhroleId
		<if test="rows!=0">
			limit #{page},#{rows}
		</if>
	</select>
</mapper>