<?xml version="1.0" encoding="UTF-8" ?>
<!DOCTYPE mapper PUBLIC "-//mybatis.org//DTD Mapper 3.0//EN" "http://mybatis.org/dtd/mybatis-3-mapper.dtd" >
<mapper namespace="com.mapper.YonghuMapper" >
  <resultMap id="BaseResultMap" type="com.model.Yonghu" >
    <!--
      WARNING - @mbggenerated
      This element is automatically generated by MyBatis Generator, do not modify.
    -->
    <id column="yonghuId" property="yonghuId" jdbcType="INTEGER" />
    <result column="yonghuName" property="yonghuName" jdbcType="VARCHAR" />
    <result column="yonghuPassword" property="yonghuPassword" jdbcType="VARCHAR" />
    <result column="yonghuXingming" property="yonghuXingming" jdbcType="VARCHAR" />
    <result column="yonghuSex" property="yonghuSex" jdbcType="INTEGER" />
    <result column="yonghuAge" property="yonghuAge" jdbcType="INTEGER" />
    <result column="yonghuPhone" property="yonghuPhone" jdbcType="VARCHAR" />
    <result column="yonghuMark1" property="yonghuMark1" jdbcType="VARCHAR" />
    <result column="yonghuMark2" property="yonghuMark2" jdbcType="VARCHAR" />
    <result column="yonghuMark3" property="yonghuMark3" jdbcType="VARCHAR" />
    <result column="yonghuMark4" property="yonghuMark4" jdbcType="VARCHAR" />
    <result column="yonghuDate1" property="yonghuDate1" jdbcType="TIMESTAMP" />
    <result column="yonghuDate2" property="yonghuDate2" jdbcType="TIMESTAMP" />
    <result column="yonghuType1" property="yonghuType1" jdbcType="INTEGER" />
    <result column="yonghuType2" property="yonghuType2" jdbcType="INTEGER" />
    <result column="yonghuImg" property="yonghuImg" jdbcType="VARCHAR" />
    <result column="yonghuImgName" property="yonghuImgName" jdbcType="VARCHAR" />
    <result column="yhroleId" property="yhroleId" jdbcType="INTEGER" />
    <result column="yhroleName" property="yhroleName" jdbcType="VARCHAR" />
    <result column="yhbumenId" property="yhbumenId" jdbcType="INTEGER" />
    <result column="yhbumenName" property="yhbumenName" jdbcType="VARCHAR" />
  </resultMap>
  <delete id="deleteByPrimaryKey" parameterType="java.lang.Integer" >
    <!--
      WARNING - @mbggenerated
      This element is automatically generated by MyBatis Generator, do not modify.
    -->
    delete from t_yonghu
    where yonghuId = #{yonghuId,jdbcType=INTEGER}
  </delete>
  <insert id="insert" parameterType="com.model.Yonghu" >
    <!--
      WARNING - @mbggenerated
      This element is automatically generated by MyBatis Generator, do not modify.
    -->
    insert into t_yonghu (yonghuId, yonghuName, yonghuPassword, 
      yonghuXingming, yonghuSex, yonghuAge, 
      yonghuPhone, yonghuMark1, yonghuMark2, 
      yonghuMark3, yonghuMark4, yonghuDate1, 
      yonghuDate2, yonghuType1, yonghuType2, 
      yonghuImg, yonghuImgName, yhroleId, 
      yhroleName, yhbumenId, yhbumenName
      )
    values (#{yonghuId,jdbcType=INTEGER}, #{yonghuName,jdbcType=VARCHAR}, #{yonghuPassword,jdbcType=VARCHAR}, 
      #{yonghuXingming,jdbcType=VARCHAR}, #{yonghuSex,jdbcType=INTEGER}, #{yonghuAge,jdbcType=INTEGER}, 
      #{yonghuPhone,jdbcType=VARCHAR}, #{yonghuMark1,jdbcType=VARCHAR}, #{yonghuMark2,jdbcType=VARCHAR}, 
      #{yonghuMark3,jdbcType=VARCHAR}, #{yonghuMark4,jdbcType=VARCHAR}, #{yonghuDate1,jdbcType=TIMESTAMP}, 
      #{yonghuDate2,jdbcType=TIMESTAMP}, #{yonghuType1,jdbcType=INTEGER}, #{yonghuType2,jdbcType=INTEGER}, 
      #{yonghuImg,jdbcType=VARCHAR}, #{yonghuImgName,jdbcType=VARCHAR}, #{yhroleId,jdbcType=INTEGER}, 
      #{yhroleName,jdbcType=VARCHAR}, #{yhbumenId,jdbcType=INTEGER}, #{yhbumenName,jdbcType=VARCHAR}
      )
  </insert>
  <update id="updateByPrimaryKey" parameterType="com.model.Yonghu" >
    <!--
      WARNING - @mbggenerated
      This element is automatically generated by MyBatis Generator, do not modify.
    -->
    update t_yonghu
    set yonghuName = #{yonghuName,jdbcType=VARCHAR},
      yonghuPassword = #{yonghuPassword,jdbcType=VARCHAR},
      yonghuXingming = #{yonghuXingming,jdbcType=VARCHAR},
      yonghuSex = #{yonghuSex,jdbcType=INTEGER},
      yonghuAge = #{yonghuAge,jdbcType=INTEGER},
      yonghuPhone = #{yonghuPhone,jdbcType=VARCHAR},
      yonghuMark1 = #{yonghuMark1,jdbcType=VARCHAR},
      yonghuMark2 = #{yonghuMark2,jdbcType=VARCHAR},
      yonghuMark3 = #{yonghuMark3,jdbcType=VARCHAR},
      yonghuMark4 = #{yonghuMark4,jdbcType=VARCHAR},
      yonghuDate1 = #{yonghuDate1,jdbcType=TIMESTAMP},
      yonghuDate2 = #{yonghuDate2,jdbcType=TIMESTAMP},
      yonghuType1 = #{yonghuType1,jdbcType=INTEGER},
      yonghuType2 = #{yonghuType2,jdbcType=INTEGER},
      yonghuImg = #{yonghuImg,jdbcType=VARCHAR},
      yonghuImgName = #{yonghuImgName,jdbcType=VARCHAR},
      yhroleId = #{yhroleId,jdbcType=INTEGER},
      yhroleName = #{yhroleName,jdbcType=VARCHAR},
      yhbumenId = #{yhbumenId,jdbcType=INTEGER},
      yhbumenName = #{yhbumenName,jdbcType=VARCHAR}
    where yonghuId = #{yonghuId,jdbcType=INTEGER}
  </update>
  <select id="selectByPrimaryKey" resultMap="BaseResultMap" parameterType="java.lang.Integer" >
    <!--
      WARNING - @mbggenerated
      This element is automatically generated by MyBatis Generator, do not modify.
    -->
    select yonghuId, yonghuName, yonghuPassword, yonghuXingming, yonghuSex, yonghuAge, 
    yonghuPhone, yonghuMark1, yonghuMark2, yonghuMark3, yonghuMark4, yonghuDate1, yonghuDate2, 
    yonghuType1, yonghuType2, yonghuImg, yonghuImgName, yhroleId, yhroleName, yhbumenId, 
    yhbumenName
    from t_yonghu
    where yonghuId = #{yonghuId,jdbcType=INTEGER}
  </select>
	<select id="selectAll" resultMap="BaseResultMap">
		<!-- WARNING - @mbggenerated This element is automatically generated by 
			MyBatis Generator, do not modify. -->
		select * from t_yonghu
		WHERE 1=1
		<if test="yonghuName!=null and yonghuName!=''">
			 AND yonghuName = #{yonghuName,jdbcType=VARCHAR} 
		</if>
		<if test="sdate!=null and sdate!=''">
			 AND yonghuDate1 &gt;= #{sdate,jdbcType=TIMESTAMP} 
		</if>
		<if test="sdate!=null and sdate!=''">
			 AND yonghuDate1 &lt;= #{edate,jdbcType=TIMESTAMP} 
		</if>
		<if test="yonghu!=null">
			<if test="yonghu.yonghuName!=null and yonghu.yonghuName!=''">
				 AND yonghuName LIKE  '%${yonghu.yonghuName}%' 
			</if>
			<if test="yonghu.yonghuPassword!=null and yonghu.yonghuPassword!=''">
				 AND yonghuPassword = #{yonghu.yonghuPassword} 
			</if>
			<if test="yonghu.yonghuId!=null">
				 AND yonghuId = #{yonghu.yonghuId} 
			</if>
			<if test="yonghu.yonghuType1!=null">
				 AND yonghuType1 = #{yonghu.yonghuType1} 
			</if>
			<if test="yonghu.yonghuType2!=null">
				 AND yonghuType2 = #{yonghu.yonghuType2} 
			</if>
			<if test="yonghu.yhroleId!=null">
				 AND yhroleId = #{yonghu.yhroleId} 
			</if>
			<if test="yonghu.yonghuSex!=null">
				 AND yonghuSex = #{yonghu.yonghuSex} 
			</if>
			<if test="yonghu.yhbumenId!=null">
				 AND yhbumenId = #{yonghu.yhbumenId} 
			</if>
		</if>
		order by yonghuId 
		<if test="rows!=0">
			limit #{page},#{rows}
		</if>
	</select>
</mapper>