<?xml version="1.0" encoding="UTF-8" ?>
<!DOCTYPE mapper PUBLIC "-//mybatis.org//DTD Mapper 3.0//EN" "http://mybatis.org/dtd/mybatis-3-mapper.dtd" >
<mapper namespace="com.mapper.YxinxiMapper" >
  <resultMap id="BaseResultMap" type="com.model.Yxinxi" >
    <!--
      WARNING - @mbggenerated
      This element is automatically generated by MyBatis Generator, do not modify.
    -->
    <id column="yxinxiId" property="yxinxiId" jdbcType="INTEGER" />
    <result column="yxinxiName" property="yxinxiName" jdbcType="VARCHAR" />
    <result column="yxinxiMark" property="yxinxiMark" jdbcType="VARCHAR" />
    <result column="yxinxiMark1" property="yxinxiMark1" jdbcType="VARCHAR" />
    <result column="yxinxiMark2" property="yxinxiMark2" jdbcType="VARCHAR" />
    <result column="yxinxiImg" property="yxinxiImg" jdbcType="VARCHAR" />
    <result column="yxinxiImgName" property="yxinxiImgName" jdbcType="VARCHAR" />
    <result column="yxinxiDate" property="yxinxiDate" jdbcType="TIMESTAMP" />
    <result column="yxinxiType" property="yxinxiType" jdbcType="INTEGER" />
    <result column="yxinxiType1" property="yxinxiType1" jdbcType="INTEGER" />
    <result column="yxtypeId" property="yxtypeId" jdbcType="INTEGER" />
    <result column="yxtypeName" property="yxtypeName" jdbcType="VARCHAR" />
    <result column="yonghuId" property="yonghuId" jdbcType="INTEGER" />
    <result column="yonghuName" property="yonghuName" jdbcType="VARCHAR" />
    <result column="yhbumenId" property="yhbumenId" jdbcType="INTEGER" />
    <result column="yhbumenName" property="yhbumenName" jdbcType="VARCHAR" />
  </resultMap>
  <delete id="deleteByPrimaryKey" parameterType="java.lang.Integer" >
    <!--
      WARNING - @mbggenerated
      This element is automatically generated by MyBatis Generator, do not modify.
    -->
    delete from t_yxinxi
    where yxinxiId = #{yxinxiId,jdbcType=INTEGER}
  </delete>
  <insert id="insert" parameterType="com.model.Yxinxi" >
    <!--
      WARNING - @mbggenerated
      This element is automatically generated by MyBatis Generator, do not modify.
    -->
    insert into t_yxinxi (yxinxiId, yxinxiName, yxinxiMark, 
      yxinxiMark1, yxinxiMark2, yxinxiImg, 
      yxinxiImgName, yxinxiDate, yxinxiType, 
      yxinxiType1, yxtypeId, yxtypeName, 
      yonghuId, yonghuName, yhbumenId, 
      yhbumenName)
    values (#{yxinxiId,jdbcType=INTEGER}, #{yxinxiName,jdbcType=VARCHAR}, #{yxinxiMark,jdbcType=VARCHAR}, 
      #{yxinxiMark1,jdbcType=VARCHAR}, #{yxinxiMark2,jdbcType=VARCHAR}, #{yxinxiImg,jdbcType=VARCHAR}, 
      #{yxinxiImgName,jdbcType=VARCHAR}, #{yxinxiDate,jdbcType=TIMESTAMP}, #{yxinxiType,jdbcType=INTEGER}, 
      #{yxinxiType1,jdbcType=INTEGER}, #{yxtypeId,jdbcType=INTEGER}, #{yxtypeName,jdbcType=VARCHAR}, 
      #{yonghuId,jdbcType=INTEGER}, #{yonghuName,jdbcType=VARCHAR}, #{yhbumenId,jdbcType=INTEGER}, 
      #{yhbumenName,jdbcType=VARCHAR})
  </insert>
  <update id="updateByPrimaryKey" parameterType="com.model.Yxinxi" >
    <!--
      WARNING - @mbggenerated
      This element is automatically generated by MyBatis Generator, do not modify.
    -->
    update t_yxinxi
    set yxinxiName = #{yxinxiName,jdbcType=VARCHAR},
      yxinxiMark = #{yxinxiMark,jdbcType=VARCHAR},
      yxinxiMark1 = #{yxinxiMark1,jdbcType=VARCHAR},
      yxinxiMark2 = #{yxinxiMark2,jdbcType=VARCHAR},
      yxinxiImg = #{yxinxiImg,jdbcType=VARCHAR},
      yxinxiImgName = #{yxinxiImgName,jdbcType=VARCHAR},
      yxinxiDate = #{yxinxiDate,jdbcType=TIMESTAMP},
      yxinxiType = #{yxinxiType,jdbcType=INTEGER},
      yxinxiType1 = #{yxinxiType1,jdbcType=INTEGER},
      yxtypeId = #{yxtypeId,jdbcType=INTEGER},
      yxtypeName = #{yxtypeName,jdbcType=VARCHAR},
      yonghuId = #{yonghuId,jdbcType=INTEGER},
      yonghuName = #{yonghuName,jdbcType=VARCHAR},
      yhbumenId = #{yhbumenId,jdbcType=INTEGER},
      yhbumenName = #{yhbumenName,jdbcType=VARCHAR}
    where yxinxiId = #{yxinxiId,jdbcType=INTEGER}
  </update>
  <select id="selectByPrimaryKey" resultMap="BaseResultMap" parameterType="java.lang.Integer" >
    <!--
      WARNING - @mbggenerated
      This element is automatically generated by MyBatis Generator, do not modify.
    -->
    select yxinxiId, yxinxiName, yxinxiMark, yxinxiMark1, yxinxiMark2, yxinxiImg, yxinxiImgName, 
    yxinxiDate, yxinxiType, yxinxiType1, yxtypeId, yxtypeName, yonghuId, yonghuName, 
    yhbumenId, yhbumenName
    from t_yxinxi
    where yxinxiId = #{yxinxiId,jdbcType=INTEGER}
  </select>
	<select id="selectAll" resultMap="BaseResultMap">
		<!-- WARNING - @mbggenerated This element is automatically generated by 
			MyBatis Generator, do not modify. -->
		select * from t_yxinxi
		WHERE 1=1
		<if test="sdate!=null and sdate!=''">
			 AND yxinxiDate &gt;= #{sdate,jdbcType=TIMESTAMP} 
		</if>
		<if test="sdate!=null and sdate!=''">
			 AND yxinxiDate &lt;= #{edate,jdbcType=TIMESTAMP} 
		</if>
		<if test="yxinxi!=null">
			<if test="yxinxi.yxinxiName!=null and yxinxi.yxinxiName!=''">
				 AND yxinxiName LIKE  '%${yxinxi.yxinxiName}%' 
			</if>
			<if test="yxinxi.yxinxiId!=null">
				 AND yxinxiId = #{yxinxi.yxinxiId} 
			</if>
			<if test="yxinxi.yxtypeId!=null">
				 AND yxtypeId = #{yxinxi.yxtypeId} 
			</if>
			<if test="yxinxi.yxinxiType!=null">
				 AND yxinxiType = #{yxinxi.yxinxiType} 
			</if>
			<if test="yxinxi.yxinxiType1!=null">
				 AND yxinxiType1 = #{yxinxi.yxinxiType1} 
			</if>
			<if test="yxinxi.yonghuId!=null">
				 AND yonghuId = #{yxinxi.yonghuId} 
			</if>
			<if test="yxinxi.yhbumenId!=null">
				 AND yhbumenId = #{yxinxi.yhbumenId} 
			</if>
		</if>
		order by yxinxiId 
		<if test="rows!=0">
			limit #{page},#{rows}
		</if>
	</select>
</mapper>