<?xml version="1.0" encoding="UTF-8"?>
<!DOCTYPE mapper PUBLIC "-//mybatis.org//DTD Mapper 3.0//EN" "http://mybatis.org/dtd/mybatis-3-mapper.dtd">
<mapper namespace="cn.oza.logistic.ssm.mapper.ExportMapper">
  <resultMap id="BaseResultMap" type="cn.oza.logistic.ssm.pojo.Export">
    <result column="order_id" jdbcType="BIGINT" property="orderId" />
    <result column="area" jdbcType="VARCHAR" property="area" />
    <result column="shipping_address" jdbcType="VARCHAR" property="shippingAddress" />
    <result column="payment" jdbcType="VARCHAR" property="payment" />
    <result column="pickup_mehtod" jdbcType="VARCHAR" property="pickupMehtod" />
    <result column="storage_staff" jdbcType="VARCHAR" property="storageStaff" />
    <result column="weight_fee" jdbcType="DOUBLE" property="weightFee" />
    <result column="volume_fee" jdbcType="DOUBLE" property="volumeFee" />
    <result column="tax_fee" jdbcType="DOUBLE" property="taxFee" />
    <result column="pick_up_fee" jdbcType="INTEGER" property="pickUpFee" />
    <result column="total_fee" jdbcType="DOUBLE" property="totalFee" />
    <result column="total_volume" jdbcType="DOUBLE" property="totalVolume" />
    <result column="total_weight" jdbcType="DOUBLE" property="totalWeight" />
    <result column="total_value" jdbcType="DOUBLE" property="totalValue" />
    <result column="shipping_name" jdbcType="VARCHAR" property="shippingName" />
    <result column="shipping_phone" jdbcType="VARCHAR" property="shippingPhone" />
    <result column="shipping_method" jdbcType="VARCHAR" property="shippingMethod" />
    <result column="storage" jdbcType="VARCHAR" property="storage" />
    <result column="staff" jdbcType="VARCHAR" property="staff" />
    <result column="customer_name" jdbcType="VARCHAR" property="customerName" />
  </resultMap>
  <sql id="Example_Where_Clause">
    <where>
      <foreach collection="oredCriteria" item="criteria" separator="or">
        <if test="criteria.valid">
          <trim prefix="(" prefixOverrides="and" suffix=")">
            <foreach collection="criteria.criteria" item="criterion">
              <choose>
                <when test="criterion.noValue">
                  and ${criterion.condition}
                </when>
                <when test="criterion.singleValue">
                  and ${criterion.condition} #{criterion.value}
                </when>
                <when test="criterion.betweenValue">
                  and ${criterion.condition} #{criterion.value} and #{criterion.secondValue}
                </when>
                <when test="criterion.listValue">
                  and ${criterion.condition}
                  <foreach close=")" collection="criterion.value" item="listItem" open="(" separator=",">
                    #{listItem}
                  </foreach>
                </when>
              </choose>
            </foreach>
          </trim>
        </if>
      </foreach>
    </where>
  </sql>
  <sql id="Base_Column_List">
    order_id, area, shipping_address, payment, pickup_mehtod, storage_staff, weight_fee, 
    volume_fee, tax_fee, pick_up_fee, total_fee, total_volume, total_weight, total_value, 
    shipping_name, shipping_phone, shipping_method, storage, staff, customer_name
  </sql>
  <select id="selectByExample" parameterType="cn.oza.logistic.ssm.pojo.ExportExample" resultMap="BaseResultMap">
    select
    <if test="distinct">
      distinct
    </if>
    'false' as QUERYID,
    <include refid="Base_Column_List" />
    from v_export
    <if test="_parameter != null">
      <include refid="Example_Where_Clause" />
    </if>
    <if test="orderByClause != null">
      order by ${orderByClause}
    </if>
  </select>
  <insert id="insert" parameterType="cn.oza.logistic.ssm.pojo.Export">
    insert into v_export (order_id, area, shipping_address, 
      payment, pickup_mehtod, storage_staff, 
      weight_fee, volume_fee, tax_fee, 
      pick_up_fee, total_fee, total_volume, 
      total_weight, total_value, shipping_name, 
      shipping_phone, shipping_method, storage, 
      staff, customer_name)
    values (#{orderId,jdbcType=BIGINT}, #{area,jdbcType=VARCHAR}, #{shippingAddress,jdbcType=VARCHAR}, 
      #{payment,jdbcType=VARCHAR}, #{pickupMehtod,jdbcType=VARCHAR}, #{storageStaff,jdbcType=VARCHAR}, 
      #{weightFee,jdbcType=DOUBLE}, #{volumeFee,jdbcType=DOUBLE}, #{taxFee,jdbcType=DOUBLE}, 
      #{pickUpFee,jdbcType=INTEGER}, #{totalFee,jdbcType=DOUBLE}, #{totalVolume,jdbcType=DOUBLE}, 
      #{totalWeight,jdbcType=DOUBLE}, #{totalValue,jdbcType=DOUBLE}, #{shippingName,jdbcType=VARCHAR}, 
      #{shippingPhone,jdbcType=VARCHAR}, #{shippingMethod,jdbcType=VARCHAR}, #{storage,jdbcType=VARCHAR}, 
      #{staff,jdbcType=VARCHAR}, #{customerName,jdbcType=VARCHAR})
  </insert>
  <insert id="insertSelective" parameterType="cn.oza.logistic.ssm.pojo.Export">
    insert into v_export
    <trim prefix="(" suffix=")" suffixOverrides=",">
      <if test="orderId != null">
        order_id,
      </if>
      <if test="area != null">
        area,
      </if>
      <if test="shippingAddress != null">
        shipping_address,
      </if>
      <if test="payment != null">
        payment,
      </if>
      <if test="pickupMehtod != null">
        pickup_mehtod,
      </if>
      <if test="storageStaff != null">
        storage_staff,
      </if>
      <if test="weightFee != null">
        weight_fee,
      </if>
      <if test="volumeFee != null">
        volume_fee,
      </if>
      <if test="taxFee != null">
        tax_fee,
      </if>
      <if test="pickUpFee != null">
        pick_up_fee,
      </if>
      <if test="totalFee != null">
        total_fee,
      </if>
      <if test="totalVolume != null">
        total_volume,
      </if>
      <if test="totalWeight != null">
        total_weight,
      </if>
      <if test="totalValue != null">
        total_value,
      </if>
      <if test="shippingName != null">
        shipping_name,
      </if>
      <if test="shippingPhone != null">
        shipping_phone,
      </if>
      <if test="shippingMethod != null">
        shipping_method,
      </if>
      <if test="storage != null">
        storage,
      </if>
      <if test="staff != null">
        staff,
      </if>
      <if test="customerName != null">
        customer_name,
      </if>
    </trim>
    <trim prefix="values (" suffix=")" suffixOverrides=",">
      <if test="orderId != null">
        #{orderId,jdbcType=BIGINT},
      </if>
      <if test="area != null">
        #{area,jdbcType=VARCHAR},
      </if>
      <if test="shippingAddress != null">
        #{shippingAddress,jdbcType=VARCHAR},
      </if>
      <if test="payment != null">
        #{payment,jdbcType=VARCHAR},
      </if>
      <if test="pickupMehtod != null">
        #{pickupMehtod,jdbcType=VARCHAR},
      </if>
      <if test="storageStaff != null">
        #{storageStaff,jdbcType=VARCHAR},
      </if>
      <if test="weightFee != null">
        #{weightFee,jdbcType=DOUBLE},
      </if>
      <if test="volumeFee != null">
        #{volumeFee,jdbcType=DOUBLE},
      </if>
      <if test="taxFee != null">
        #{taxFee,jdbcType=DOUBLE},
      </if>
      <if test="pickUpFee != null">
        #{pickUpFee,jdbcType=INTEGER},
      </if>
      <if test="totalFee != null">
        #{totalFee,jdbcType=DOUBLE},
      </if>
      <if test="totalVolume != null">
        #{totalVolume,jdbcType=DOUBLE},
      </if>
      <if test="totalWeight != null">
        #{totalWeight,jdbcType=DOUBLE},
      </if>
      <if test="totalValue != null">
        #{totalValue,jdbcType=DOUBLE},
      </if>
      <if test="shippingName != null">
        #{shippingName,jdbcType=VARCHAR},
      </if>
      <if test="shippingPhone != null">
        #{shippingPhone,jdbcType=VARCHAR},
      </if>
      <if test="shippingMethod != null">
        #{shippingMethod,jdbcType=VARCHAR},
      </if>
      <if test="storage != null">
        #{storage,jdbcType=VARCHAR},
      </if>
      <if test="staff != null">
        #{staff,jdbcType=VARCHAR},
      </if>
      <if test="customerName != null">
        #{customerName,jdbcType=VARCHAR},
      </if>
    </trim>
  </insert>
</mapper>