<?xml version="1.0" encoding="UTF-8"?>
<!DOCTYPE mapper PUBLIC "-//mybatis.org//DTD Mapper 3.0//EN" "http://mybatis.org/dtd/mybatis-3-mapper.dtd">
<mapper namespace="cn.oza.logistic.ssm.mapper.PermissionMapper">
  <resultMap id="BaseResultMap" type="cn.oza.logistic.ssm.pojo.Permission">
    <id column="permission_id" jdbcType="BIGINT" property="permissionId" />
    <result column="name" jdbcType="VARCHAR" property="name" />
    <result column="type" jdbcType="VARCHAR" property="type" />
    <result column="url" jdbcType="VARCHAR" property="url" />
    <result column="expression" jdbcType="VARCHAR" property="expression" />
    <result column="parent_id" jdbcType="BIGINT" property="parentId" />
    <result column="sort" jdbcType="INTEGER" property="sort" />

    <association property="parent" column="parent_id" select="selectParentByParentId"/>
  </resultMap>

  <select id="selectParentByParentId" parameterType="Integer" resultType="Permission">
    select * from t_permission where permission_id = #{parent_id}
  </select>

  <sql id="Example_Where_Clause">
    <where>
      <foreach collection="oredCriteria" item="criteria" separator="or">
        <if test="criteria.valid">
          <trim prefix="(" prefixOverrides="and" suffix=")">
            <foreach collection="criteria.criteria" item="criterion">
              <choose>
                <when test="criterion.noValue">
                  and ${criterion.condition}
                </when>
                <when test="criterion.singleValue">
                  and ${criterion.condition} #{criterion.value}
                </when>
                <when test="criterion.betweenValue">
                  and ${criterion.condition} #{criterion.value} and #{criterion.secondValue}
                </when>
                <when test="criterion.listValue">
                  and ${criterion.condition}
                  <foreach close=")" collection="criterion.value" item="listItem" open="(" separator=",">
                    #{listItem}
                  </foreach>
                </when>
              </choose>
            </foreach>
          </trim>
        </if>
      </foreach>
    </where>
  </sql>
  <sql id="Base_Column_List">
    permission_id, name, type, url, expression, parent_id, sort
  </sql>
  <select id="selectByExample" parameterType="cn.oza.logistic.ssm.pojo.PermissionExample" resultMap="BaseResultMap">
    select
    <if test="distinct">
      distinct
    </if>
    'false' as QUERYID,
    <include refid="Base_Column_List" />
    from t_permission
    <if test="_parameter != null">
      <include refid="Example_Where_Clause" />
    </if>
    <if test="orderByClause != null">
      order by ${orderByClause}
    </if>
  </select>
  <select id="selectByPrimaryKey" parameterType="java.lang.Long" resultMap="BaseResultMap">
    select 
    <include refid="Base_Column_List" />
    from t_permission
    where permission_id = #{permissionId,jdbcType=BIGINT}
  </select>
  <delete id="deleteByPrimaryKey" parameterType="java.lang.Long">
    delete from t_permission
    where permission_id = #{permissionId,jdbcType=BIGINT}
  </delete>
  <insert id="insert" parameterType="cn.oza.logistic.ssm.pojo.Permission">
    insert into t_permission (permission_id, name, type, 
      url, expression, parent_id, 
      sort)
    values (#{permissionId,jdbcType=BIGINT}, #{name,jdbcType=VARCHAR}, #{type,jdbcType=VARCHAR}, 
      #{url,jdbcType=VARCHAR}, #{expression,jdbcType=VARCHAR}, #{parentId,jdbcType=BIGINT}, 
      #{sort,jdbcType=INTEGER})
  </insert>
  <insert id="insertSelective" parameterType="cn.oza.logistic.ssm.pojo.Permission">
    insert into t_permission
    <trim prefix="(" suffix=")" suffixOverrides=",">
      <if test="permissionId != null">
        permission_id,
      </if>
      <if test="name != null">
        name,
      </if>
      <if test="type != null">
        type,
      </if>
      <if test="url != null">
        url,
      </if>
      <if test="expression != null">
        expression,
      </if>
      <if test="parentId != null">
        parent_id,
      </if>
      <if test="sort != null">
        sort,
      </if>
    </trim>
    <trim prefix="values (" suffix=")" suffixOverrides=",">
      <if test="permissionId != null">
        #{permissionId,jdbcType=BIGINT},
      </if>
      <if test="name != null">
        #{name,jdbcType=VARCHAR},
      </if>
      <if test="type != null">
        #{type,jdbcType=VARCHAR},
      </if>
      <if test="url != null">
        #{url,jdbcType=VARCHAR},
      </if>
      <if test="expression != null">
        #{expression,jdbcType=VARCHAR},
      </if>
      <if test="parentId != null">
        #{parentId,jdbcType=BIGINT},
      </if>
      <if test="sort != null">
        #{sort,jdbcType=INTEGER},
      </if>
    </trim>
  </insert>
  <update id="updateByPrimaryKeySelective" parameterType="cn.oza.logistic.ssm.pojo.Permission">
    update t_permission
    <set>
      <if test="name != null">
        name = #{name,jdbcType=VARCHAR},
      </if>
      <if test="type != null">
        type = #{type,jdbcType=VARCHAR},
      </if>
      <if test="url != null">
        url = #{url,jdbcType=VARCHAR},
      </if>
      <if test="expression != null">
        expression = #{expression,jdbcType=VARCHAR},
      </if>
      <if test="parentId != null">
        parent_id = #{parentId,jdbcType=BIGINT},
      </if>
      <if test="sort != null">
        sort = #{sort,jdbcType=INTEGER},
      </if>
    </set>
    where permission_id = #{permissionId,jdbcType=BIGINT}
  </update>
  <update id="updateByPrimaryKey" parameterType="cn.oza.logistic.ssm.pojo.Permission">
    update t_permission
    set name = #{name,jdbcType=VARCHAR},
      type = #{type,jdbcType=VARCHAR},
      url = #{url,jdbcType=VARCHAR},
      expression = #{expression,jdbcType=VARCHAR},
      parent_id = #{parentId,jdbcType=BIGINT},
      sort = #{sort,jdbcType=INTEGER}
    where permission_id = #{permissionId,jdbcType=BIGINT}
  </update>
</mapper>