<?xml version="1.0" encoding="UTF-8"?>
<!DOCTYPE mapper PUBLIC "-//mybatis.org//DTD Mapper 3.0//EN" "http://mybatis.org/dtd/mybatis-3-mapper.dtd">
<mapper namespace="cn.oza.logistic.ssm.mapper.UserMapper">
  <resultMap id="BaseResultMap" type="cn.oza.logistic.ssm.pojo.User">
    <id column="user_id" jdbcType="BIGINT" property="userId" />
    <result column="username" jdbcType="VARCHAR" property="username" />
    <result column="realname" jdbcType="VARCHAR" property="realname" />
    <result column="password" jdbcType="VARCHAR" property="password" />
    <result column="salt" jdbcType="VARCHAR" property="salt" />
    <result column="status" jdbcType="INTEGER" property="status" />
    <result column="create_date" jdbcType="DATE" property="createDate" />
    <result column="role_id" jdbcType="BIGINT" property="roleId" />
    <!--关联查询获得role-->
    <association property="role" column="role_id" select="selectRoleById"/>
  </resultMap>

  <select id="selectRoleById" parameterType="Integer" resultType="Role">
    select role_id roleId, rolename, remark, permission_ids permissionIds from t_role where role_id = #{role_id}
  </select>

  <sql id="Example_Where_Clause">
    <where>
      <foreach collection="oredCriteria" item="criteria" separator="or">
        <if test="criteria.valid">
          <trim prefix="(" prefixOverrides="and" suffix=")">
            <foreach collection="criteria.criteria" item="criterion">
              <choose>
                <when test="criterion.noValue">
                  and ${criterion.condition}
                </when>
                <when test="criterion.singleValue">
                  and ${criterion.condition} #{criterion.value}
                </when>
                <when test="criterion.betweenValue">
                  and ${criterion.condition} #{criterion.value} and #{criterion.secondValue}
                </when>
                <when test="criterion.listValue">
                  and ${criterion.condition}
                  <foreach close=")" collection="criterion.value" item="listItem" open="(" separator=",">
                    #{listItem}
                  </foreach>
                </when>
              </choose>
            </foreach>
          </trim>
        </if>
      </foreach>
    </where>
  </sql>
  <sql id="Base_Column_List">
    user_id, username, realname, password, salt, status, create_date, role_id
  </sql>
  <select id="selectByExample" parameterType="cn.oza.logistic.ssm.pojo.UserExample" resultMap="BaseResultMap">
    select
    <if test="distinct">
      distinct
    </if>
    'false' as QUERYID,
    <include refid="Base_Column_List" />
    from t_user
    <if test="_parameter != null">
      <include refid="Example_Where_Clause" />
    </if>
    <if test="orderByClause != null">
      order by ${orderByClause}
    </if>
  </select>
  <select id="selectByPrimaryKey" parameterType="java.lang.Long" resultMap="BaseResultMap">
    select 
    <include refid="Base_Column_List" />
    from t_user
    where user_id = #{userId,jdbcType=BIGINT}
  </select>
  <delete id="deleteByPrimaryKey" parameterType="java.lang.Long">
    delete from t_user
    where user_id = #{userId,jdbcType=BIGINT}
  </delete>
  <insert id="insert" parameterType="cn.oza.logistic.ssm.pojo.User">
    insert into t_user (user_id, username, realname, 
      password, salt, status, 
      create_date, role_id)
    values (#{userId,jdbcType=BIGINT}, #{username,jdbcType=VARCHAR}, #{realname,jdbcType=VARCHAR}, 
      #{password,jdbcType=VARCHAR}, #{salt,jdbcType=VARCHAR}, #{status,jdbcType=INTEGER}, 
      #{createDate,jdbcType=DATE}, #{roleId,jdbcType=BIGINT})
  </insert>
  <insert id="insertSelective" parameterType="cn.oza.logistic.ssm.pojo.User">
    insert into t_user
    <trim prefix="(" suffix=")" suffixOverrides=",">
      <if test="userId != null">
        user_id,
      </if>
      <if test="username != null">
        username,
      </if>
      <if test="realname != null">
        realname,
      </if>
      <if test="password != null">
        password,
      </if>
      <if test="salt != null">
        salt,
      </if>
      <if test="status != null">
        status,
      </if>
      <if test="createDate != null">
        create_date,
      </if>
      <if test="roleId != null">
        role_id,
      </if>
    </trim>
    <trim prefix="values (" suffix=")" suffixOverrides=",">
      <if test="userId != null">
        #{userId,jdbcType=BIGINT},
      </if>
      <if test="username != null">
        #{username,jdbcType=VARCHAR},
      </if>
      <if test="realname != null">
        #{realname,jdbcType=VARCHAR},
      </if>
      <if test="password != null">
        #{password,jdbcType=VARCHAR},
      </if>
      <if test="salt != null">
        #{salt,jdbcType=VARCHAR},
      </if>
      <if test="status != null">
        #{status,jdbcType=INTEGER},
      </if>
      <if test="createDate != null">
        #{createDate,jdbcType=DATE},
      </if>
      <if test="roleId != null">
        #{roleId,jdbcType=BIGINT},
      </if>
    </trim>
  </insert>
  <update id="updateByPrimaryKeySelective" parameterType="cn.oza.logistic.ssm.pojo.User">
    update t_user
    <set>
      <if test="username != null">
        username = #{username,jdbcType=VARCHAR},
      </if>
      <if test="realname != null">
        realname = #{realname,jdbcType=VARCHAR},
      </if>
      <if test="password != null">
        password = #{password,jdbcType=VARCHAR},
      </if>
      <if test="salt != null">
        salt = #{salt,jdbcType=VARCHAR},
      </if>
      <if test="status != null">
        status = #{status,jdbcType=INTEGER},
      </if>
      <if test="createDate != null">
        create_date = #{createDate,jdbcType=DATE},
      </if>
      <if test="roleId != null">
        role_id = #{roleId,jdbcType=BIGINT},
      </if>
    </set>
    where user_id = #{userId,jdbcType=BIGINT}
  </update>
  <update id="updateByPrimaryKey" parameterType="cn.oza.logistic.ssm.pojo.User">
    update t_user
    set username = #{username,jdbcType=VARCHAR},
      realname = #{realname,jdbcType=VARCHAR},
      password = #{password,jdbcType=VARCHAR},
      salt = #{salt,jdbcType=VARCHAR},
      status = #{status,jdbcType=INTEGER},
      create_date = #{createDate,jdbcType=DATE},
      role_id = #{roleId,jdbcType=BIGINT}
    where user_id = #{userId,jdbcType=BIGINT}
  </update>
</mapper>