<?xml version="1.0" encoding="UTF-8"?>
<!DOCTYPE mapper PUBLIC "-//mybatis.org//DTD Mapper 3.0//EN" "http://mybatis.org/dtd/mybatis-3-mapper.dtd">
<mapper namespace="com.mapper.AdminMapper">
  <resultMap id="BaseResultMap" type="com.model.Admin">
    <!--
      WARNING - @mbggenerated
      This element is automatically generated by MyBatis Generator, do not modify.
    -->
    <id column="adminId" jdbcType="INTEGER" property="adminId" />
    <result column="adminName" jdbcType="VARCHAR" property="adminName" />
    <result column="adminPassword" jdbcType="VARCHAR" property="adminPassword" />
  </resultMap>
  <delete id="deleteByPrimaryKey" parameterType="java.lang.Integer">
    <!--
      WARNING - @mbggenerated
      This element is automatically generated by MyBatis Generator, do not modify.
    -->
    delete from t_admin
    where adminId = #{adminId,jdbcType=INTEGER}
  </delete>
  <insert id="insert" parameterType="com.model.Admin">
    <!--
      WARNING - @mbggenerated
      This element is automatically generated by MyBatis Generator, do not modify.
    -->
    insert into t_admin (adminId, adminName, adminPassword
      )
    values (#{adminId,jdbcType=INTEGER}, #{adminName,jdbcType=VARCHAR}, #{adminPassword,jdbcType=VARCHAR}
      )
  </insert>
  <update id="updateByPrimaryKey" parameterType="com.model.Admin">
    <!--
      WARNING - @mbggenerated
      This element is automatically generated by MyBatis Generator, do not modify.
    -->
    update t_admin
    set adminName = #{adminName,jdbcType=VARCHAR},
      adminPassword = #{adminPassword,jdbcType=VARCHAR}
    where adminId = #{adminId,jdbcType=INTEGER}
  </update>
  <select id="selectByPrimaryKey" parameterType="java.lang.Integer" resultMap="BaseResultMap">
    <!--
      WARNING - @mbggenerated
      This element is automatically generated by MyBatis Generator, do not modify.
    -->
    select adminId, adminName, adminPassword
    from t_admin
    where adminId = #{adminId,jdbcType=INTEGER}
  </select>

	<select id="selectAll" resultMap="BaseResultMap">

		<!-- WARNING - @mbggenerated This element is automatically generated by 

			MyBatis Generator, do not modify. -->

		select * from t_admin

		WHERE 1=1

		<if test="admin!=null">

			<if test="admin.adminName!=null and admin.adminName!=''">

				AND adminName = #{admin.adminName}

			</if>

			<if test="admin.adminPassword!=null and admin.adminPassword!=''">

				AND adminPassword = #{admin.adminPassword}

			</if>

		</if>

		order by adminId

		<if test="rows!=0">

			limit #{page},#{rows}

		</if>

	</select>
</mapper>