<?xml version="1.0" encoding="UTF-8" ?>
<!DOCTYPE mapper PUBLIC "-//mybatis.org//DTD Mapper 3.0//EN" "http://mybatis.org/dtd/mybatis-3-mapper.dtd" >
<mapper namespace="com.mapper.BumenMapper" >
  <resultMap id="BaseResultMap" type="com.model.Bumen" >
    <!--
      WARNING - @mbggenerated
      This element is automatically generated by MyBatis Generator, do not modify.
    -->
    <id column="bumenId" property="bumenId" jdbcType="INTEGER" />
    <result column="bumenName" property="bumenName" jdbcType="VARCHAR" />
    <result column="bumenMark" property="bumenMark" jdbcType="VARCHAR" />
    <result column="bumenMark1" property="bumenMark1" jdbcType="VARCHAR" />
    <result column="bumenMark2" property="bumenMark2" jdbcType="INTEGER" />
  </resultMap>
  <delete id="deleteByPrimaryKey" parameterType="java.lang.Integer" >
    <!--
      WARNING - @mbggenerated
      This element is automatically generated by MyBatis Generator, do not modify.
    -->
    delete from t_bumen
    where bumenId = #{bumenId,jdbcType=INTEGER}
  </delete>
  <insert id="insert" parameterType="com.model.Bumen" >
    <!--
      WARNING - @mbggenerated
      This element is automatically generated by MyBatis Generator, do not modify.
    -->
    insert into t_bumen (bumenId, bumenName, bumenMark, 
      bumenMark1, bumenMark2)
    values (#{bumenId,jdbcType=INTEGER}, #{bumenName,jdbcType=VARCHAR}, #{bumenMark,jdbcType=VARCHAR}, 
      #{bumenMark1,jdbcType=VARCHAR}, #{bumenMark2,jdbcType=INTEGER})
  </insert>
  <update id="updateByPrimaryKey" parameterType="com.model.Bumen" >
    <!--
      WARNING - @mbggenerated
      This element is automatically generated by MyBatis Generator, do not modify.
    -->
    update t_bumen
    set bumenName = #{bumenName,jdbcType=VARCHAR},
      bumenMark = #{bumenMark,jdbcType=VARCHAR},
      bumenMark1 = #{bumenMark1,jdbcType=VARCHAR},
      bumenMark2 = #{bumenMark2,jdbcType=INTEGER}
    where bumenId = #{bumenId,jdbcType=INTEGER}
  </update>
  <select id="selectByPrimaryKey" resultMap="BaseResultMap" parameterType="java.lang.Integer" >
    <!--
      WARNING - @mbggenerated
      This element is automatically generated by MyBatis Generator, do not modify.
    -->
    select bumenId, bumenName, bumenMark, bumenMark1, bumenMark2
    from t_bumen
    where bumenId = #{bumenId,jdbcType=INTEGER}
  </select>

	<select id="selectAll" resultMap="BaseResultMap">

		<!-- WARNING - @mbggenerated This element is automatically generated by 

			MyBatis Generator, do not modify. -->

		select * from t_bumen

		WHERE 1=1

		<if test="bumen!=null">

			<if test="bumen.bumenName!=null and bumen.bumenName!=''">

				AND bumenName LIKE '%${bumen.bumenName}%'

			</if>

			<if test="bumen.bumenId!=null">

				AND bumenId = #{bumen.bumenId}

			</if>

			<if test="bumen.bumenMark2!=null">

				AND bumenMark2 = #{bumen.bumenMark2}

			</if>
		</if>

		order by bumenId

		<if test="rows!=0">

			limit #{page},#{rows}

		</if>

	</select>
</mapper>