<?xml version="1.0" encoding="UTF-8"?>

<!DOCTYPE mapper PUBLIC "-//mybatis.org//DTD Mapper 3.0//EN" "http://mybatis.org/dtd/mybatis-3-mapper.dtd">

<mapper namespace="com.mapper.GgtypeMapper">
  <resultMap id="BaseResultMap" type="com.model.Ggtype">
    <!--
      WARNING - @mbggenerated
      This element is automatically generated by MyBatis Generator, do not modify.
    -->
    <id column="ggtypeId" jdbcType="INTEGER" property="ggtypeId" />
    <result column="ggtypeName" jdbcType="VARCHAR" property="ggtypeName" />
    <result column="ggtypeMark" jdbcType="VARCHAR" property="ggtypeMark" />
  </resultMap>
  <delete id="deleteByPrimaryKey" parameterType="java.lang.Integer">
    <!--
      WARNING - @mbggenerated
      This element is automatically generated by MyBatis Generator, do not modify.
    -->
    delete from t_ggtype
    where ggtypeId = #{ggtypeId,jdbcType=INTEGER}
  </delete>
  <insert id="insert" parameterType="com.model.Ggtype">
    <!--
      WARNING - @mbggenerated
      This element is automatically generated by MyBatis Generator, do not modify.
    -->
    insert into t_ggtype (ggtypeId, ggtypeName, ggtypeMark
      )
    values (#{ggtypeId,jdbcType=INTEGER}, #{ggtypeName,jdbcType=VARCHAR}, #{ggtypeMark,jdbcType=VARCHAR}
      )
  </insert>
  <update id="updateByPrimaryKey" parameterType="com.model.Ggtype">
    <!--
      WARNING - @mbggenerated
      This element is automatically generated by MyBatis Generator, do not modify.
    -->
    update t_ggtype
    set ggtypeName = #{ggtypeName,jdbcType=VARCHAR},
      ggtypeMark = #{ggtypeMark,jdbcType=VARCHAR}
    where ggtypeId = #{ggtypeId,jdbcType=INTEGER}
  </update>
  <select id="selectByPrimaryKey" parameterType="java.lang.Integer" resultMap="BaseResultMap">
    <!--
      WARNING - @mbggenerated
      This element is automatically generated by MyBatis Generator, do not modify.
    -->
    select ggtypeId, ggtypeName, ggtypeMark
    from t_ggtype
    where ggtypeId = #{ggtypeId,jdbcType=INTEGER}
  </select>

	<select id="selectAll" resultMap="BaseResultMap">

		<!-- WARNING - @mbggenerated This element is automatically generated by 

			MyBatis Generator, do not modify. -->

		select * from t_ggtype

		WHERE 1=1

		<if test="ggtype!=null">

			<if test="ggtype.ggtypeName!=null and ggtype.ggtypeName!=''">

				AND ggtypeName LIKE '%${ggtype.ggtypeName}%'

			</if>

			<if test="ggtype.ggtypeId!=null">

				AND ggtypeId = #{ggtype.ggtypeId}

			</if>

		</if>

	order by ggtypeId

		<if test="rows!=0">

			limit #{page},#{rows}

		</if>

	</select>
</mapper>