<?xml version="1.0" encoding="UTF-8" ?>
<!DOCTYPE mapper PUBLIC "-//mybatis.org//DTD Mapper 3.0//EN" "http://mybatis.org/dtd/mybatis-3-mapper.dtd" >
<mapper namespace="com.mapper.ShangpinMapper" >
  <resultMap id="BaseResultMap" type="com.model.Shangpin" >
    <!--
      WARNING - @mbggenerated
      This element is automatically generated by MyBatis Generator, do not modify.
    -->
    <id column="shangpinId" property="shangpinId" jdbcType="INTEGER" />
    <result column="shangpinName" property="shangpinName" jdbcType="VARCHAR" />
    <result column="shangpinMark" property="shangpinMark" jdbcType="VARCHAR" />
    <result column="shangpinMark1" property="shangpinMark1" jdbcType="VARCHAR" />
    <result column="shangpinMark2" property="shangpinMark2" jdbcType="VARCHAR" />
    <result column="shangpinMark3" property="shangpinMark3" jdbcType="VARCHAR" />
    <result column="shangpinDate" property="shangpinDate" jdbcType="TIMESTAMP" />
    <result column="shangpinDate1" property="shangpinDate1" jdbcType="TIMESTAMP" />
    <result column="shangpinZong" property="shangpinZong" jdbcType="INTEGER" />
    <result column="shangpinJin" property="shangpinJin" jdbcType="DOUBLE" />
    <result column="shangpinXiao" property="shangpinXiao" jdbcType="DOUBLE" />
    <result column="shangpinLirun" property="shangpinLirun" jdbcType="DOUBLE" />
    <result column="shangpinType" property="shangpinType" jdbcType="INTEGER" />
    <result column="shangpinType1" property="shangpinType1" jdbcType="INTEGER" />
    <result column="shangpinImg" property="shangpinImg" jdbcType="VARCHAR" />
    <result column="shangpinImgName" property="shangpinImgName" jdbcType="VARCHAR" />
    <result column="sptypeId" property="sptypeId" jdbcType="INTEGER" />
    <result column="sptypeName" property="sptypeName" jdbcType="VARCHAR" />
    <result column="userId" property="userId" jdbcType="INTEGER" />
    <result column="userName" property="userName" jdbcType="VARCHAR" />
    <result column="bumenId" property="bumenId" jdbcType="INTEGER" />
    <result column="bumenName" property="bumenName" jdbcType="VARCHAR" />
    <result column="roleId" property="roleId" jdbcType="INTEGER" />
    <result column="roleName" property="roleName" jdbcType="VARCHAR" />
  </resultMap>
  <delete id="deleteByPrimaryKey" parameterType="java.lang.Integer" >
    <!--
      WARNING - @mbggenerated
      This element is automatically generated by MyBatis Generator, do not modify.
    -->
    delete from t_shangpin
    where shangpinId = #{shangpinId,jdbcType=INTEGER}
  </delete>
  <insert id="insert" parameterType="com.model.Shangpin" >
    <!--
      WARNING - @mbggenerated
      This element is automatically generated by MyBatis Generator, do not modify.
    -->
    insert into t_shangpin (shangpinId, shangpinName, shangpinMark, 
      shangpinMark1, shangpinMark2, shangpinMark3, 
      shangpinDate, shangpinDate1, shangpinZong, 
      shangpinJin, shangpinXiao, shangpinLirun, 
      shangpinType, shangpinType1, shangpinImg, 
      shangpinImgName, sptypeId, sptypeName, 
      userId, userName, bumenId, 
      bumenName, roleId, roleName
      )
    values (#{shangpinId,jdbcType=INTEGER}, #{shangpinName,jdbcType=VARCHAR}, #{shangpinMark,jdbcType=VARCHAR}, 
      #{shangpinMark1,jdbcType=VARCHAR}, #{shangpinMark2,jdbcType=VARCHAR}, #{shangpinMark3,jdbcType=VARCHAR}, 
      #{shangpinDate,jdbcType=TIMESTAMP}, #{shangpinDate1,jdbcType=TIMESTAMP}, #{shangpinZong,jdbcType=INTEGER}, 
      #{shangpinJin,jdbcType=DOUBLE}, #{shangpinXiao,jdbcType=DOUBLE}, #{shangpinLirun,jdbcType=DOUBLE}, 
      #{shangpinType,jdbcType=INTEGER}, #{shangpinType1,jdbcType=INTEGER}, #{shangpinImg,jdbcType=VARCHAR}, 
      #{shangpinImgName,jdbcType=VARCHAR}, #{sptypeId,jdbcType=INTEGER}, #{sptypeName,jdbcType=VARCHAR}, 
      #{userId,jdbcType=INTEGER}, #{userName,jdbcType=VARCHAR}, #{bumenId,jdbcType=INTEGER}, 
      #{bumenName,jdbcType=VARCHAR}, #{roleId,jdbcType=INTEGER}, #{roleName,jdbcType=VARCHAR}
      )
  </insert>
  <update id="updateByPrimaryKey" parameterType="com.model.Shangpin" >
    <!--
      WARNING - @mbggenerated
      This element is automatically generated by MyBatis Generator, do not modify.
    -->
    update t_shangpin
    set shangpinName = #{shangpinName,jdbcType=VARCHAR},
      shangpinMark = #{shangpinMark,jdbcType=VARCHAR},
      shangpinMark1 = #{shangpinMark1,jdbcType=VARCHAR},
      shangpinMark2 = #{shangpinMark2,jdbcType=VARCHAR},
      shangpinMark3 = #{shangpinMark3,jdbcType=VARCHAR},
      shangpinDate = #{shangpinDate,jdbcType=TIMESTAMP},
      shangpinDate1 = #{shangpinDate1,jdbcType=TIMESTAMP},
      shangpinZong = #{shangpinZong,jdbcType=INTEGER},
      shangpinJin = #{shangpinJin,jdbcType=DOUBLE},
      shangpinXiao = #{shangpinXiao,jdbcType=DOUBLE},
      shangpinLirun = #{shangpinLirun,jdbcType=DOUBLE},
      shangpinType = #{shangpinType,jdbcType=INTEGER},
      shangpinType1 = #{shangpinType1,jdbcType=INTEGER},
      shangpinImg = #{shangpinImg,jdbcType=VARCHAR},
      shangpinImgName = #{shangpinImgName,jdbcType=VARCHAR},
      sptypeId = #{sptypeId,jdbcType=INTEGER},
      sptypeName = #{sptypeName,jdbcType=VARCHAR},
      userId = #{userId,jdbcType=INTEGER},
      userName = #{userName,jdbcType=VARCHAR},
      bumenId = #{bumenId,jdbcType=INTEGER},
      bumenName = #{bumenName,jdbcType=VARCHAR},
      roleId = #{roleId,jdbcType=INTEGER},
      roleName = #{roleName,jdbcType=VARCHAR}
    where shangpinId = #{shangpinId,jdbcType=INTEGER}
  </update>
  <select id="selectByPrimaryKey" resultMap="BaseResultMap" parameterType="java.lang.Integer" >
    <!--
      WARNING - @mbggenerated
      This element is automatically generated by MyBatis Generator, do not modify.
    -->
    select shangpinId, shangpinName, shangpinMark, shangpinMark1, shangpinMark2, shangpinMark3, 
    shangpinDate, shangpinDate1, shangpinZong, shangpinJin, shangpinXiao, shangpinLirun, 
    shangpinType, shangpinType1, shangpinImg, shangpinImgName, sptypeId, sptypeName, 
    userId, userName, bumenId, bumenName, roleId, roleName
    from t_shangpin
    where shangpinId = #{shangpinId,jdbcType=INTEGER}
  </select>

	<select id="selectAll" resultMap="BaseResultMap">

		<!-- WARNING - @mbggenerated This element is automatically generated by 

			MyBatis Generator, do not modify. -->

		select * from t_shangpin

		WHERE 1=1

		<if test="sdate!=null and sdate!=''">

			 AND shangpinDate &gt;= #{sdate,jdbcType=TIMESTAMP} 

		</if>

		<if test="sdate!=null and sdate!=''">

			 AND shangpinDate &lt;= #{edate,jdbcType=TIMESTAMP} 

		</if>

		<if test="shangpin!=null">

			<if test="shangpin.shangpinName!=null and shangpin.shangpinName!=''">

				 AND shangpinName LIKE  '%${shangpin.shangpinName}%' 

			</if>

			<if test="shangpin.shangpinId!=null">

				 AND shangpinId = #{shangpin.shangpinId} 

			</if>

			<if test="shangpin.sptypeId!=null">

				 AND sptypeId = #{shangpin.sptypeId} 

			</if>

			<if test="shangpin.shangpinType!=null">

				 AND shangpinType = #{shangpin.shangpinType} 

			</if>

			<if test="shangpin.shangpinType1!=null">

				 AND shangpinZong &gt; #{shangpin.shangpinType1} 

			</if>

			<if test="shangpin.userId!=null">

				 AND userId = #{shangpin.userId} 

			</if>

			<if test="shangpin.bumenId!=null">

				 AND bumenId = #{shangpin.bumenId} 

			</if>

			<if test="shangpin.roleId!=null">

				 AND roleId = #{shangpin.roleId} 

			</if>
		</if>

		order by shangpinId 

		<if test="rows!=0">

			limit #{page},#{rows}

		</if>

	</select>
</mapper>