<?xml version="1.0" encoding="UTF-8" ?>
<!DOCTYPE mapper PUBLIC "-//mybatis.org//DTD Mapper 3.0//EN" "http://mybatis.org/dtd/mybatis-3-mapper.dtd" >
<mapper namespace="com.mapper.SpcangkuMapper" >
  <resultMap id="BaseResultMap" type="com.model.Spcangku" >
    <!--
      WARNING - @mbggenerated
      This element is automatically generated by MyBatis Generator, do not modify.
    -->
    <id column="spcangkuId" property="spcangkuId" jdbcType="INTEGER" />
    <result column="spcangkuName" property="spcangkuName" jdbcType="VARCHAR" />
    <result column="spcangkuMark" property="spcangkuMark" jdbcType="VARCHAR" />
    <result column="spcangkuMark1" property="spcangkuMark1" jdbcType="VARCHAR" />
    <result column="spcangkuMark2" property="spcangkuMark2" jdbcType="VARCHAR" />
    <result column="spcangkuPhone" property="spcangkuPhone" jdbcType="VARCHAR" />
    <result column="spcangkuDizhi" property="spcangkuDizhi" jdbcType="VARCHAR" />
    <result column="spcangkuDate" property="spcangkuDate" jdbcType="TIMESTAMP" />
    <result column="spcangkuDate1" property="spcangkuDate1" jdbcType="TIMESTAMP" />
    <result column="spcangkuType" property="spcangkuType" jdbcType="INTEGER" />
    <result column="spcangkuType1" property="spcangkuType1" jdbcType="INTEGER" />
  </resultMap>
  <delete id="deleteByPrimaryKey" parameterType="java.lang.Integer" >
    <!--
      WARNING - @mbggenerated
      This element is automatically generated by MyBatis Generator, do not modify.
    -->
    delete from t_spcangku
    where spcangkuId = #{spcangkuId,jdbcType=INTEGER}
  </delete>
  <insert id="insert" parameterType="com.model.Spcangku" >
    <!--
      WARNING - @mbggenerated
      This element is automatically generated by MyBatis Generator, do not modify.
    -->
    insert into t_spcangku (spcangkuId, spcangkuName, spcangkuMark, 
      spcangkuMark1, spcangkuMark2, spcangkuPhone, 
      spcangkuDizhi, spcangkuDate, spcangkuDate1, 
      spcangkuType, spcangkuType1)
    values (#{spcangkuId,jdbcType=INTEGER}, #{spcangkuName,jdbcType=VARCHAR}, #{spcangkuMark,jdbcType=VARCHAR}, 
      #{spcangkuMark1,jdbcType=VARCHAR}, #{spcangkuMark2,jdbcType=VARCHAR}, #{spcangkuPhone,jdbcType=VARCHAR}, 
      #{spcangkuDizhi,jdbcType=VARCHAR}, #{spcangkuDate,jdbcType=TIMESTAMP}, #{spcangkuDate1,jdbcType=TIMESTAMP}, 
      #{spcangkuType,jdbcType=INTEGER}, #{spcangkuType1,jdbcType=INTEGER})
  </insert>
  <update id="updateByPrimaryKey" parameterType="com.model.Spcangku" >
    <!--
      WARNING - @mbggenerated
      This element is automatically generated by MyBatis Generator, do not modify.
    -->
    update t_spcangku
    set spcangkuName = #{spcangkuName,jdbcType=VARCHAR},
      spcangkuMark = #{spcangkuMark,jdbcType=VARCHAR},
      spcangkuMark1 = #{spcangkuMark1,jdbcType=VARCHAR},
      spcangkuMark2 = #{spcangkuMark2,jdbcType=VARCHAR},
      spcangkuPhone = #{spcangkuPhone,jdbcType=VARCHAR},
      spcangkuDizhi = #{spcangkuDizhi,jdbcType=VARCHAR},
      spcangkuDate = #{spcangkuDate,jdbcType=TIMESTAMP},
      spcangkuDate1 = #{spcangkuDate1,jdbcType=TIMESTAMP},
      spcangkuType = #{spcangkuType,jdbcType=INTEGER},
      spcangkuType1 = #{spcangkuType1,jdbcType=INTEGER}
    where spcangkuId = #{spcangkuId,jdbcType=INTEGER}
  </update>
  <select id="selectByPrimaryKey" resultMap="BaseResultMap" parameterType="java.lang.Integer" >
    <!--
      WARNING - @mbggenerated
      This element is automatically generated by MyBatis Generator, do not modify.
    -->
    select spcangkuId, spcangkuName, spcangkuMark, spcangkuMark1, spcangkuMark2, spcangkuPhone, spcangkuDizhi, 
    spcangkuDate, spcangkuDate1, spcangkuType, spcangkuType1
    from t_spcangku
    where spcangkuId = #{spcangkuId,jdbcType=INTEGER}
  </select>

	<select id="selectAll" resultMap="BaseResultMap">

		<!-- WARNING - @mbggenerated This element is automatically generated by 

			MyBatis Generator, do not modify. -->

		select * from t_spcangku

		WHERE 1=1

		<if test="sdate!=null and sdate!=''">

			 AND spcangkuDate &gt;= #{sdate,jdbcType=TIMESTAMP} 

		</if>

		<if test="sdate!=null and sdate!=''">

			 AND spcangkuDate &lt;= #{edate,jdbcType=TIMESTAMP} 

		</if>

		<if test="spcangku!=null">

			<if test="spcangku.spcangkuName!=null and spcangku.spcangkuName!=''">

				AND spcangkuName LIKE '%${spcangku.spcangkuName}%'

			</if>

			<if test="spcangku.spcangkuId!=null">

				AND spcangkuId = #{spcangku.spcangkuId}

			</if>

			<if test="spcangku.spcangkuType!=null">

				 AND spcangkuType = #{uxinxi.spcangkuType} 

			</if>

			<if test="spcangku.spcangkuType1!=null">

				 AND spcangkuType1 = #{uxinxi.spcangkuType1} 

			</if>
		</if>

		order by spcangkuId

		<if test="rows!=0">

			limit #{page},#{rows}

		</if>

	</select>
</mapper>