<?xml version="1.0" encoding="UTF-8"?>
<!DOCTYPE mapper PUBLIC "-//mybatis.org//DTD Mapper 3.0//EN" "http://mybatis.org/dtd/mybatis-3-mapper.dtd">
<mapper namespace="com.mapper.UtaolunMapper">
	<resultMap id="BaseResultMap" type="com.model.Utaolun">
		<!-- WARNING - @mbggenerated This element is automatically generated by 
			MyBatis Generator, do not modify. -->
		<id column="utaolunId" jdbcType="INTEGER" property="utaolunId" />
		<result column="utaolunName" jdbcType="VARCHAR" property="utaolunName" />
		<result column="utaolunMark" jdbcType="VARCHAR" property="utaolunMark" />
		<result column="utaolunMark1" jdbcType="VARCHAR" property="utaolunMark1" />
		<result column="utaolunMark2" jdbcType="VARCHAR" property="utaolunMark2" />
		<result column="utaolunImg" jdbcType="VARCHAR" property="utaolunImg" />
		<result column="utaolunImgName" jdbcType="VARCHAR" property="utaolunImgName" />
		<result column="utaolunDate" jdbcType="TIMESTAMP" property="utaolunDate" />
		<result column="utaolunDate1" jdbcType="TIMESTAMP" property="utaolunDate1" />
		<result column="utaolunType" jdbcType="INTEGER" property="utaolunType" />
		<result column="utaolunType1" jdbcType="INTEGER" property="utaolunType1" />
		<result column="userId" jdbcType="INTEGER" property="userId" />
		<result column="userName" jdbcType="VARCHAR" property="userName" />
		<result column="bumenId" jdbcType="INTEGER" property="bumenId" />
		<result column="bumenName" jdbcType="VARCHAR" property="bumenName" />
		<result column="yonghuId" jdbcType="INTEGER" property="yonghuId" />
		<result column="yonghuName" jdbcType="VARCHAR" property="yonghuName" />
		<result column="yhbumenId" jdbcType="INTEGER" property="yhbumenId" />
		<result column="yhbumenName" jdbcType="VARCHAR" property="yhbumenName" />
	</resultMap>
	<delete id="deleteByPrimaryKey" parameterType="java.lang.Integer">
		<!-- WARNING - @mbggenerated This element is automatically generated by 
			MyBatis Generator, do not modify. -->
		delete from t_utaolun
		where utaolunId = #{utaolunId,jdbcType=INTEGER}
	</delete>
	<insert id="insert" parameterType="com.model.Utaolun">
		<!-- WARNING - @mbggenerated This element is automatically generated by 
			MyBatis Generator, do not modify. -->
		insert into t_utaolun (utaolunId, utaolunName, utaolunMark,
		utaolunMark1, utaolunMark2, utaolunImg,
		utaolunImgName, utaolunDate, utaolunDate1,
		utaolunType, utaolunType1, userId,
		userName, bumenId, bumenName,
		yonghuId, yonghuName, yhbumenId,
		yhbumenName)
		values (#{utaolunId,jdbcType=INTEGER}, #{utaolunName,jdbcType=VARCHAR},
		#{utaolunMark,jdbcType=VARCHAR},
		#{utaolunMark1,jdbcType=VARCHAR}, #{utaolunMark2,jdbcType=VARCHAR}, #{utaolunImg,jdbcType=VARCHAR},
		#{utaolunImgName,jdbcType=VARCHAR}, #{utaolunDate,jdbcType=TIMESTAMP},
		#{utaolunDate1,jdbcType=TIMESTAMP},
		#{utaolunType,jdbcType=INTEGER}, #{utaolunType1,jdbcType=INTEGER}, #{userId,jdbcType=INTEGER},
		#{userName,jdbcType=VARCHAR}, #{bumenId,jdbcType=INTEGER},
		#{bumenName,jdbcType=VARCHAR},
		#{yonghuId,jdbcType=INTEGER}, #{yonghuName,jdbcType=VARCHAR}, #{yhbumenId,jdbcType=INTEGER},
		#{yhbumenName,jdbcType=VARCHAR})
	</insert>
	<update id="updateByPrimaryKey" parameterType="com.model.Utaolun">
		<!-- WARNING - @mbggenerated This element is automatically generated by 
			MyBatis Generator, do not modify. -->
		update t_utaolun
		set utaolunName = #{utaolunName,jdbcType=VARCHAR},
		utaolunMark = #{utaolunMark,jdbcType=VARCHAR},
		utaolunMark1 = #{utaolunMark1,jdbcType=VARCHAR},
		utaolunMark2 = #{utaolunMark2,jdbcType=VARCHAR},
		utaolunImg = #{utaolunImg,jdbcType=VARCHAR},
		utaolunImgName = #{utaolunImgName,jdbcType=VARCHAR},
		utaolunDate = #{utaolunDate,jdbcType=TIMESTAMP},
		utaolunDate1 = #{utaolunDate1,jdbcType=TIMESTAMP},
		utaolunType = #{utaolunType,jdbcType=INTEGER},
		utaolunType1 = #{utaolunType1,jdbcType=INTEGER},
		userId = #{userId,jdbcType=INTEGER},
		userName = #{userName,jdbcType=VARCHAR},
		bumenId = #{bumenId,jdbcType=INTEGER},
		bumenName = #{bumenName,jdbcType=VARCHAR},
		yonghuId = #{yonghuId,jdbcType=INTEGER},
		yonghuName = #{yonghuName,jdbcType=VARCHAR},
		yhbumenId = #{yhbumenId,jdbcType=INTEGER},
		yhbumenName = #{yhbumenName,jdbcType=VARCHAR}
		where utaolunId = #{utaolunId,jdbcType=INTEGER}
	</update>
	<select id="selectByPrimaryKey" parameterType="java.lang.Integer"
		resultMap="BaseResultMap">
		<!-- WARNING - @mbggenerated This element is automatically generated by 
			MyBatis Generator, do not modify. -->
		select utaolunId, utaolunName, utaolunMark, utaolunMark1,
		utaolunMark2, utaolunImg,
		utaolunImgName, utaolunDate, utaolunDate1, utaolunType, utaolunType1, userId,
		userName,
		bumenId, bumenName, yonghuId, yonghuName, yhbumenId, yhbumenName
		from t_utaolun
		where utaolunId = #{utaolunId,jdbcType=INTEGER}
	</select>
	<select id="selectAll" resultMap="BaseResultMap">
		<!-- WARNING - @mbggenerated This element is automatically generated by 
			MyBatis Generator, do not modify. -->
		select * from t_utaolun
		WHERE 1=1
		<if test="sdate!=null and sdate!=''">
			AND utaolunDate &gt;= #{sdate,jdbcType=TIMESTAMP}
		</if>
		<if test="sdate!=null and sdate!=''">
			AND utaolunDate &lt;= #{edate,jdbcType=TIMESTAMP}
		</if>
		<if test="utaolun!=null">
			<if test="utaolun.utaolunName!=null and utaolun.utaolunName!=''">
				AND utaolunName LIKE '%${utaolun.utaolunName}%'
			</if>
			<if test="utaolun.utaolunId!=null">
				AND utaolunId = #{utaolun.utaolunId}
			</if>
			<if test="utaolun.utaolunType!=null">
				AND utaolunType = #{utaolun.utaolunType}
			</if>
			<if test="utaolun.utaolunType1!=null">
				AND utaolunType1 = #{utaolun.utaolunType1}
			</if>
			<if test="utaolun.userId!=null">
				AND userId = #{utaolun.userId}
			</if>
			<if test="uxinxi.bumenId!=null">
				AND bumenId = #{utaolun.bumenId}
			</if>
			<if test="utaolun.yonghuId!=null">
				AND yonghuId = #{utaolun.yonghuId}
			</if>
			<if test="utaolun.yhbumenId!=null">
				AND yhbumenId = #{utaolun.yhbumenId}
			</if>
		</if>
		order by utaolunId
		<if test="rows!=0">
			limit #{page},#{rows}
		</if>
	</select>
</mapper>