<?xml version="1.0" encoding="UTF-8"?>
<!DOCTYPE mapper PUBLIC "-//mybatis.org//DTD Mapper 3.0//EN" "http://mybatis.org/dtd/mybatis-3-mapper.dtd">
<mapper namespace="com.mapper.UxinxiMapper">
  <resultMap id="BaseResultMap" type="com.model.Uxinxi">
    <!--
      WARNING - @mbggenerated
      This element is automatically generated by MyBatis Generator, do not modify.
    -->
    <id column="uxinxiId" jdbcType="INTEGER" property="uxinxiId" />
    <result column="uxinxiName" jdbcType="VARCHAR" property="uxinxiName" />
    <result column="uxinxiMark" jdbcType="VARCHAR" property="uxinxiMark" />
    <result column="uxinxiMark1" jdbcType="VARCHAR" property="uxinxiMark1" />
    <result column="uxinxiMark2" jdbcType="VARCHAR" property="uxinxiMark2" />
    <result column="uxinxiImg" jdbcType="VARCHAR" property="uxinxiImg" />
    <result column="uxinxiImgName" jdbcType="VARCHAR" property="uxinxiImgName" />
    <result column="uxinxiDate" jdbcType="TIMESTAMP" property="uxinxiDate" />
    <result column="uxinxiType" jdbcType="INTEGER" property="uxinxiType" />
    <result column="uxinxiType1" jdbcType="INTEGER" property="uxinxiType1" />
    <result column="uxtypeId" jdbcType="INTEGER" property="uxtypeId" />
    <result column="uxtypeName" jdbcType="VARCHAR" property="uxtypeName" />
    <result column="userId" jdbcType="INTEGER" property="userId" />
    <result column="userName" jdbcType="VARCHAR" property="userName" />
    <result column="bumenId" jdbcType="INTEGER" property="bumenId" />
    <result column="bumenName" jdbcType="VARCHAR" property="bumenName" />
  </resultMap>
  <delete id="deleteByPrimaryKey" parameterType="java.lang.Integer">
    <!--
      WARNING - @mbggenerated
      This element is automatically generated by MyBatis Generator, do not modify.
    -->
    delete from t_uxinxi
    where uxinxiId = #{uxinxiId,jdbcType=INTEGER}
  </delete>
  <insert id="insert" parameterType="com.model.Uxinxi">
    <!--
      WARNING - @mbggenerated
      This element is automatically generated by MyBatis Generator, do not modify.
    -->
    insert into t_uxinxi (uxinxiId, uxinxiName, uxinxiMark, 
      uxinxiMark1, uxinxiMark2, uxinxiImg, 
      uxinxiImgName, uxinxiDate, uxinxiType, 
      uxinxiType1, uxtypeId, uxtypeName, 
      userId, userName, bumenId, 
      bumenName)
    values (#{uxinxiId,jdbcType=INTEGER}, #{uxinxiName,jdbcType=VARCHAR}, #{uxinxiMark,jdbcType=VARCHAR}, 
      #{uxinxiMark1,jdbcType=VARCHAR}, #{uxinxiMark2,jdbcType=VARCHAR}, #{uxinxiImg,jdbcType=VARCHAR}, 
      #{uxinxiImgName,jdbcType=VARCHAR}, #{uxinxiDate,jdbcType=TIMESTAMP}, #{uxinxiType,jdbcType=INTEGER}, 
      #{uxinxiType1,jdbcType=INTEGER}, #{uxtypeId,jdbcType=INTEGER}, #{uxtypeName,jdbcType=VARCHAR}, 
      #{userId,jdbcType=INTEGER}, #{userName,jdbcType=VARCHAR}, #{bumenId,jdbcType=INTEGER}, 
      #{bumenName,jdbcType=VARCHAR})
  </insert>
  <update id="updateByPrimaryKey" parameterType="com.model.Uxinxi">
    <!--
      WARNING - @mbggenerated
      This element is automatically generated by MyBatis Generator, do not modify.
    -->
    update t_uxinxi
    set uxinxiName = #{uxinxiName,jdbcType=VARCHAR},
      uxinxiMark = #{uxinxiMark,jdbcType=VARCHAR},
      uxinxiMark1 = #{uxinxiMark1,jdbcType=VARCHAR},
      uxinxiMark2 = #{uxinxiMark2,jdbcType=VARCHAR},
      uxinxiImg = #{uxinxiImg,jdbcType=VARCHAR},
      uxinxiImgName = #{uxinxiImgName,jdbcType=VARCHAR},
      uxinxiDate = #{uxinxiDate,jdbcType=TIMESTAMP},
      uxinxiType = #{uxinxiType,jdbcType=INTEGER},
      uxinxiType1 = #{uxinxiType1,jdbcType=INTEGER},
      uxtypeId = #{uxtypeId,jdbcType=INTEGER},
      uxtypeName = #{uxtypeName,jdbcType=VARCHAR},
      userId = #{userId,jdbcType=INTEGER},
      userName = #{userName,jdbcType=VARCHAR},
      bumenId = #{bumenId,jdbcType=INTEGER},
      bumenName = #{bumenName,jdbcType=VARCHAR}
    where uxinxiId = #{uxinxiId,jdbcType=INTEGER}
  </update>
  <select id="selectByPrimaryKey" parameterType="java.lang.Integer" resultMap="BaseResultMap">
    <!--
      WARNING - @mbggenerated
      This element is automatically generated by MyBatis Generator, do not modify.
    -->
    select uxinxiId, uxinxiName, uxinxiMark, uxinxiMark1, uxinxiMark2, uxinxiImg, uxinxiImgName, 
    uxinxiDate, uxinxiType, uxinxiType1, uxtypeId, uxtypeName, userId, userName, bumenId, 
    bumenName
    from t_uxinxi
    where uxinxiId = #{uxinxiId,jdbcType=INTEGER}
  </select>

	<select id="selectAll" resultMap="BaseResultMap">

		<!-- WARNING - @mbggenerated This element is automatically generated by 

			MyBatis Generator, do not modify. -->

		select * from t_uxinxi

		WHERE 1=1

		<if test="sdate!=null and sdate!=''">

			 AND uxinxiDate &gt;= #{sdate,jdbcType=TIMESTAMP} 

		</if>

		<if test="sdate!=null and sdate!=''">

			 AND uxinxiDate &lt;= #{edate,jdbcType=TIMESTAMP} 

		</if>

		<if test="uxinxi!=null">

			<if test="uxinxi.uxinxiName!=null and uxinxi.uxinxiName!=''">

				 AND uxinxiName LIKE  '%${uxinxi.uxinxiName}%' 

			</if>

			<if test="uxinxi.uxinxiId!=null">

				 AND uxinxiId = #{uxinxi.uxinxiId} 

			</if>

			<if test="uxinxi.uxtypeId!=null">

				 AND uxtypeId = #{uxinxi.uxtypeId} 

			</if>

			<if test="uxinxi.uxinxiType!=null">

				 AND uxinxiType = #{uxinxi.uxinxiType} 

			</if>

			<if test="uxinxi.uxinxiType1!=null">

				 AND uxinxiType1 = #{uxinxi.uxinxiType1} 

			</if>

			<if test="uxinxi.userId!=null">

				 AND userId = #{uxinxi.userId} 

			</if>

			<if test="uxinxi.bumenId!=null">

				 AND bumenId = #{uxinxi.bumenId} 

			</if>
		</if>

		order by uxinxiId 

		<if test="rows!=0">

			limit #{page},#{rows}

		</if>

	</select>
</mapper>