<?xml version="1.0" encoding="UTF-8"?>
<!DOCTYPE mapper PUBLIC "-//mybatis.org//DTD Mapper 3.0//EN" "http://mybatis.org/dtd/mybatis-3-mapper.dtd">
<mapper namespace="com.mapper.UxtypeMapper">
  <resultMap id="BaseResultMap" type="com.model.Uxtype">
    <!--
      WARNING - @mbggenerated
      This element is automatically generated by MyBatis Generator, do not modify.
    -->
    <id column="uxtypeId" jdbcType="INTEGER" property="uxtypeId" />
    <result column="uxtypeName" jdbcType="VARCHAR" property="uxtypeName" />
    <result column="uxtypeMark" jdbcType="VARCHAR" property="uxtypeMark" />
  </resultMap>
  <delete id="deleteByPrimaryKey" parameterType="java.lang.Integer">
    <!--
      WARNING - @mbggenerated
      This element is automatically generated by MyBatis Generator, do not modify.
    -->
    delete from t_uxtype
    where uxtypeId = #{uxtypeId,jdbcType=INTEGER}
  </delete>
  <insert id="insert" parameterType="com.model.Uxtype">
    <!--
      WARNING - @mbggenerated
      This element is automatically generated by MyBatis Generator, do not modify.
    -->
    insert into t_uxtype (uxtypeId, uxtypeName, uxtypeMark
      )
    values (#{uxtypeId,jdbcType=INTEGER}, #{uxtypeName,jdbcType=VARCHAR}, #{uxtypeMark,jdbcType=VARCHAR}
      )
  </insert>
  <update id="updateByPrimaryKey" parameterType="com.model.Uxtype">
    <!--
      WARNING - @mbggenerated
      This element is automatically generated by MyBatis Generator, do not modify.
    -->
    update t_uxtype
    set uxtypeName = #{uxtypeName,jdbcType=VARCHAR},
      uxtypeMark = #{uxtypeMark,jdbcType=VARCHAR}
    where uxtypeId = #{uxtypeId,jdbcType=INTEGER}
  </update>
  <select id="selectByPrimaryKey" parameterType="java.lang.Integer" resultMap="BaseResultMap">
    <!--
      WARNING - @mbggenerated
      This element is automatically generated by MyBatis Generator, do not modify.
    -->
    select uxtypeId, uxtypeName, uxtypeMark
    from t_uxtype
    where uxtypeId = #{uxtypeId,jdbcType=INTEGER}
  </select>



	<select id="selectAll" resultMap="BaseResultMap">



		<!-- WARNING - @mbggenerated This element is automatically generated by 



			MyBatis Generator, do not modify. -->



		select * from t_uxtype



		WHERE 1=1



		<if test="uxtype!=null">



			<if test="uxtype.uxtypeName!=null and uxtype.uxtypeName!=''">



				AND uxtypeName LIKE '%${uxtype.uxtypeName}%'



			</if>



			<if test="uxtype.uxtypeId!=null">



				AND uxtypeId = #{uxtype.uxtypeId}



			</if>



		</if>



	order by uxtypeId



		<if test="rows!=0">



			limit #{page},#{rows}



		</if>



	</select>
</mapper>