<?xml version="1.0" encoding="UTF-8"?>
<!DOCTYPE mapper PUBLIC "-//mybatis.org//DTD Mapper 3.0//EN" "http://mybatis.org/dtd/mybatis-3-mapper.dtd">
<mapper namespace="com.mapper.UyijianMapper">
  <resultMap id="BaseResultMap" type="com.model.Uyijian">
    <!--
      WARNING - @mbggenerated
      This element is automatically generated by MyBatis Generator, do not modify.
    -->
    <id column="uyijianId" jdbcType="INTEGER" property="uyijianId" />
    <result column="uyijianName" jdbcType="VARCHAR" property="uyijianName" />
    <result column="uyijianMark" jdbcType="VARCHAR" property="uyijianMark" />
    <result column="uyijianMark1" jdbcType="VARCHAR" property="uyijianMark1" />
    <result column="uyijianMark2" jdbcType="VARCHAR" property="uyijianMark2" />
    <result column="uyijianImg" jdbcType="VARCHAR" property="uyijianImg" />
    <result column="uyijianImgName" jdbcType="VARCHAR" property="uyijianImgName" />
    <result column="uyijianDate" jdbcType="TIMESTAMP" property="uyijianDate" />
    <result column="uyijianDate1" jdbcType="TIMESTAMP" property="uyijianDate1" />
    <result column="uyijianType" jdbcType="INTEGER" property="uyijianType" />
    <result column="uyijianType1" jdbcType="INTEGER" property="uyijianType1" />
    <result column="userId" jdbcType="INTEGER" property="userId" />
    <result column="userName" jdbcType="VARCHAR" property="userName" />
    <result column="bumenId" jdbcType="INTEGER" property="bumenId" />
    <result column="bumenName" jdbcType="VARCHAR" property="bumenName" />
  </resultMap>
  <delete id="deleteByPrimaryKey" parameterType="java.lang.Integer">
    <!--
      WARNING - @mbggenerated
      This element is automatically generated by MyBatis Generator, do not modify.
    -->
    delete from t_uyijian
    where uyijianId = #{uyijianId,jdbcType=INTEGER}
  </delete>
  <insert id="insert" parameterType="com.model.Uyijian">
    <!--
      WARNING - @mbggenerated
      This element is automatically generated by MyBatis Generator, do not modify.
    -->
    insert into t_uyijian (uyijianId, uyijianName, uyijianMark, 
      uyijianMark1, uyijianMark2, uyijianImg, 
      uyijianImgName, uyijianDate, uyijianDate1, 
      uyijianType, uyijianType1, userId, 
      userName, bumenId, bumenName
      )
    values (#{uyijianId,jdbcType=INTEGER}, #{uyijianName,jdbcType=VARCHAR}, #{uyijianMark,jdbcType=VARCHAR}, 
      #{uyijianMark1,jdbcType=VARCHAR}, #{uyijianMark2,jdbcType=VARCHAR}, #{uyijianImg,jdbcType=VARCHAR}, 
      #{uyijianImgName,jdbcType=VARCHAR}, #{uyijianDate,jdbcType=TIMESTAMP}, #{uyijianDate1,jdbcType=TIMESTAMP}, 
      #{uyijianType,jdbcType=INTEGER}, #{uyijianType1,jdbcType=INTEGER}, #{userId,jdbcType=INTEGER}, 
      #{userName,jdbcType=VARCHAR}, #{bumenId,jdbcType=INTEGER}, #{bumenName,jdbcType=VARCHAR}
      )
  </insert>
  <update id="updateByPrimaryKey" parameterType="com.model.Uyijian">
    <!--
      WARNING - @mbggenerated
      This element is automatically generated by MyBatis Generator, do not modify.
    -->
    update t_uyijian
    set uyijianName = #{uyijianName,jdbcType=VARCHAR},
      uyijianMark = #{uyijianMark,jdbcType=VARCHAR},
      uyijianMark1 = #{uyijianMark1,jdbcType=VARCHAR},
      uyijianMark2 = #{uyijianMark2,jdbcType=VARCHAR},
      uyijianImg = #{uyijianImg,jdbcType=VARCHAR},
      uyijianImgName = #{uyijianImgName,jdbcType=VARCHAR},
      uyijianDate = #{uyijianDate,jdbcType=TIMESTAMP},
      uyijianDate1 = #{uyijianDate1,jdbcType=TIMESTAMP},
      uyijianType = #{uyijianType,jdbcType=INTEGER},
      uyijianType1 = #{uyijianType1,jdbcType=INTEGER},
      userId = #{userId,jdbcType=INTEGER},
      userName = #{userName,jdbcType=VARCHAR},
      bumenId = #{bumenId,jdbcType=INTEGER},
      bumenName = #{bumenName,jdbcType=VARCHAR}
    where uyijianId = #{uyijianId,jdbcType=INTEGER}
  </update>
  <select id="selectByPrimaryKey" parameterType="java.lang.Integer" resultMap="BaseResultMap">
    <!--
      WARNING - @mbggenerated
      This element is automatically generated by MyBatis Generator, do not modify.
    -->
    select uyijianId, uyijianName, uyijianMark, uyijianMark1, uyijianMark2, uyijianImg, 
    uyijianImgName, uyijianDate, uyijianDate1, uyijianType, uyijianType1, userId, userName, 
    bumenId, bumenName
    from t_uyijian
    where uyijianId = #{uyijianId,jdbcType=INTEGER}
  </select>

	<select id="selectAll" resultMap="BaseResultMap">

		<!-- WARNING - @mbggenerated This element is automatically generated by 

			MyBatis Generator, do not modify. -->

		select * from t_uyijian

		WHERE 1=1

		<if test="sdate!=null and sdate!=''">

			 AND uyijianDate &gt;= #{sdate,jdbcType=TIMESTAMP} 

		</if>

		<if test="sdate!=null and sdate!=''">

			 AND uyijianDate &lt;= #{edate,jdbcType=TIMESTAMP} 

		</if>

		<if test="uyijian!=null">

			<if test="uyijian.uyijianName!=null and uyijian.uyijianName!=''">

				 AND uyijianName LIKE  '%${uyijian.uyijianName}%' 

			</if>

			<if test="uyijian.uyijianId!=null">

				 AND uyijianId = #{uyijian.uyijianId} 

			</if>

			<if test="uyijian.uyijianType!=null">

				 AND uyijianType = #{uyijian.uyijianType} 

			</if>

			<if test="uyijian.uyijianType1!=null">

				 AND uyijianType1 = #{uyijian.uyijianType1} 

			</if>

			<if test="uyijian.userId!=null">

				 AND userId = #{uyijian.userId} 

			</if>

			<if test="uyijian.bumenId!=null">

				 AND bumenId = #{uyijian.bumenId} 

			</if>

		</if>

		order by uyijianId 

		<if test="rows!=0">

			limit #{page},#{rows}

		</if>

	</select>
</mapper>