<?xml version="1.0" encoding="UTF-8" ?>
<!DOCTYPE mapper PUBLIC "-//mybatis.org//DTD Mapper 3.0//EN" "http://mybatis.org/dtd/mybatis-3-mapper.dtd" >
<mapper namespace="com.mapper.YhbumenMapper">
	<resultMap id="BaseResultMap" type="com.model.Yhbumen">
		<!-- WARNING - @mbggenerated This element is automatically generated by 
			MyBatis Generator, do not modify. -->
		<id column="yhbumenId" property="yhbumenId" jdbcType="INTEGER" />
		<result column="yhbumenName" property="yhbumenName" jdbcType="VARCHAR" />
		<result column="yhbumenMark" property="yhbumenMark" jdbcType="VARCHAR" />
		<result column="yhbumenMark1" property="yhbumenMark1" jdbcType="VARCHAR" />
		<result column="yhbumenMark2" property="yhbumenMark2" jdbcType="INTEGER" />
	</resultMap>
	<delete id="deleteByPrimaryKey" parameterType="java.lang.Integer">
		<!-- WARNING - @mbggenerated This element is automatically generated by 
			MyBatis Generator, do not modify. -->
		delete from t_yhbumen
		where yhbumenId = #{yhbumenId,jdbcType=INTEGER}
	</delete>
	<insert id="insert" parameterType="com.model.Yhbumen">
		<!-- WARNING - @mbggenerated This element is automatically generated by 
			MyBatis Generator, do not modify. -->
		insert into t_yhbumen (yhbumenId, yhbumenName, yhbumenMark,
		yhbumenMark1, yhbumenMark2)
		values (#{yhbumenId,jdbcType=INTEGER},
		#{yhbumenName,jdbcType=VARCHAR},
		#{yhbumenMark,jdbcType=VARCHAR},
		#{yhbumenMark1,jdbcType=VARCHAR}, #{yhbumenMark2,jdbcType=INTEGER})
	</insert>
	<update id="updateByPrimaryKey" parameterType="com.model.Yhbumen">
		<!-- WARNING - @mbggenerated This element is automatically generated by 
			MyBatis Generator, do not modify. -->
		update t_yhbumen
		set yhbumenName = #{yhbumenName,jdbcType=VARCHAR},
		yhbumenMark = #{yhbumenMark,jdbcType=VARCHAR},
		yhbumenMark1 =
		#{yhbumenMark1,jdbcType=VARCHAR},
		yhbumenMark2 =
		#{yhbumenMark2,jdbcType=INTEGER}
		where yhbumenId =
		#{yhbumenId,jdbcType=INTEGER}
	</update>
	<select id="selectByPrimaryKey" resultMap="BaseResultMap"
		parameterType="java.lang.Integer">
		<!-- WARNING - @mbggenerated This element is automatically generated by 
			MyBatis Generator, do not modify. -->
		select yhbumenId, yhbumenName, yhbumenMark, yhbumenMark1, yhbumenMark2
		from t_yhbumen
		where yhbumenId = #{yhbumenId,jdbcType=INTEGER}
	</select>

	<select id="selectAll" resultMap="BaseResultMap">

		<!-- WARNING - @mbggenerated This element is automatically generated by 
			MyBatis Generator, do not modify. -->

		select * from t_yhbumen

		WHERE 1=1

		<if test="yhbumen!=null">

			<if test="yhbumen.yhbumenName!=null and yhbumen.yhbumenName!=''">

				AND yhbumenName LIKE '%${yhbumen.yhbumenName}%'

			</if>

			<if test="yhbumen.yhbumenId!=null">

				AND yhbumenId = #{yhbumen.yhbumenId}

			</if>

			<if test="yhbumen.yhbumenMark2!=null">

				AND yhbumenMark2 = #{yhbumen.yhbumenMark2}

			</if>
		</if>

		order by yhbumenId

		<if test="rows!=0">

			limit #{page},#{rows}

		</if>

	</select>
</mapper>