<?xml version="1.0" encoding="UTF-8" ?>
<!DOCTYPE mapper PUBLIC "-//mybatis.org//DTD Mapper 3.0//EN" "http://mybatis.org/dtd/mybatis-3-mapper.dtd" >
<mapper namespace="com.mapper.YxtypeMapper" >
  <resultMap id="BaseResultMap" type="com.model.Yxtype" >
    <!--
      WARNING - @mbggenerated
      This element is automatically generated by MyBatis Generator, do not modify.
    -->
    <id column="yxtypeId" property="yxtypeId" jdbcType="INTEGER" />
    <result column="yxtypeName" property="yxtypeName" jdbcType="VARCHAR" />
    <result column="yxtypeMark" property="yxtypeMark" jdbcType="VARCHAR" />
  </resultMap>
  <delete id="deleteByPrimaryKey" parameterType="java.lang.Integer" >
    <!--
      WARNING - @mbggenerated
      This element is automatically generated by MyBatis Generator, do not modify.
    -->
    delete from t_yxtype
    where yxtypeId = #{yxtypeId,jdbcType=INTEGER}
  </delete>
  <insert id="insert" parameterType="com.model.Yxtype" >
    <!--
      WARNING - @mbggenerated
      This element is automatically generated by MyBatis Generator, do not modify.
    -->
    insert into t_yxtype (yxtypeId, yxtypeName, yxtypeMark
      )
    values (#{yxtypeId,jdbcType=INTEGER}, #{yxtypeName,jdbcType=VARCHAR}, #{yxtypeMark,jdbcType=VARCHAR}
      )
  </insert>
  <update id="updateByPrimaryKey" parameterType="com.model.Yxtype" >
    <!--
      WARNING - @mbggenerated
      This element is automatically generated by MyBatis Generator, do not modify.
    -->
    update t_yxtype
    set yxtypeName = #{yxtypeName,jdbcType=VARCHAR},
      yxtypeMark = #{yxtypeMark,jdbcType=VARCHAR}
    where yxtypeId = #{yxtypeId,jdbcType=INTEGER}
  </update>
  <select id="selectByPrimaryKey" resultMap="BaseResultMap" parameterType="java.lang.Integer" >
    <!--
      WARNING - @mbggenerated
      This element is automatically generated by MyBatis Generator, do not modify.
    -->
    select yxtypeId, yxtypeName, yxtypeMark
    from t_yxtype
    where yxtypeId = #{yxtypeId,jdbcType=INTEGER}
  </select>

	<select id="selectAll" resultMap="BaseResultMap">

		<!-- WARNING - @mbggenerated This element is automatically generated by 

			MyBatis Generator, do not modify. -->

		select * from t_yxtype

		WHERE 1=1

		<if test="yxtype!=null">

			<if test="yxtype.yxtypeName!=null and yxtype.yxtypeName!=''">

				AND yxtypeName LIKE '%${yxtype.yxtypeName}%'

			</if>

			<if test="yxtype.yxtypeId!=null">

				AND yxtypeId = #{yxtype.yxtypeId}

			</if>

		</if>

	order by yxtypeId

		<if test="rows!=0">

			limit #{page},#{rows}

		</if>

	</select>
</mapper>